Time, < 0.3 PM, <0.5 PM, <1.0 PM, <2.5 PM, <10 PM
2023-06-02 00:01:29.722090, 681, 201, 41, 6, 1
2023-06-02 00:02:29.813081, 681, 201, 41, 6, 1
2023-06-02 00:03:29.871344, 666, 198, 41, 9, 1
2023-06-02 00:04:29.901381, 666, 198, 41, 9, 1
2023-06-02 00:05:29.956817, 666, 198, 41, 9, 1
2023-06-02 00:06:30.037063, 639, 190, 39, 8, 1
2023-06-02 00:07:30.061411, 639, 190, 39, 8, 1
2023-06-02 00:08:30.141692, 639, 190, 39, 8, 1
2023-06-02 00:09:30.191440, 606, 177, 35, 5, 1
2023-06-02 00:10:30.238328, 606, 177, 35, 5, 1
2023-06-02 00:11:30.301878, 606, 177, 35, 5, 1
2023-06-02 00:12:30.365661, 573, 168, 27, 4, 0
2023-06-02 00:13:30.429018, 573, 168, 27, 4, 0
2023-06-02 00:14:30.480704, 573, 168, 27, 4, 0
2023-06-02 00:15:30.560882, 567, 161, 29, 4, 0
2023-06-02 00:16:30.641056, 567, 161, 29, 4, 0
2023-06-02 00:17:30.711352, 567, 161, 29, 4, 0
2023-06-02 00:18:30.791352, 555, 157, 26, 4, 0
2023-06-02 00:19:30.871334, 555, 157, 26, 4, 0
2023-06-02 00:20:30.951537, 555, 157, 26, 4, 0
2023-06-02 00:21:31.006937, 549, 153, 23, 3, 0
2023-06-02 00:22:31.087132, 549, 153, 23, 3, 0
2023-06-02 00:23:31.167198, 549, 153, 23, 3, 0
2023-06-02 00:24:31.247389, 549, 160, 24, 3, 0
2023-06-02 00:25:31.327545, 549, 160, 24, 3, 0
2023-06-02 00:26:31.391355, 549, 160, 24, 3, 0
2023-06-02 00:27:31.471526, 582, 168, 22, 3, 0
2023-06-02 00:28:31.551690, 582, 168, 22, 3, 0
2023-06-02 00:29:31.631864, 582, 168, 22, 3, 0
2023-06-02 00:30:31.712061, 570, 165, 24, 6, 1
2023-06-02 00:31:31.792297, 570, 165, 24, 6, 1
2023-06-02 00:32:31.872346, 570, 165, 24, 6, 1
2023-06-02 00:33:31.952455, 573, 165, 20, 3, 1
2023-06-02 00:34:32.032525, 573, 165, 20, 3, 1
2023-06-02 00:35:32.093154, 573, 165, 20, 3, 1
2023-06-02 00:36:32.173372, 0, 0, 0, 0, 0
2023-06-02 00:37:32.253470, 0, 0, 0, 0, 0
2023-06-02 00:38:32.333520, 0, 0, 0, 0, 0
2023-06-02 00:39:32.399587, 0, 0, 0, 0, 0
2023-06-02 00:40:32.479745, 0, 0, 0, 0, 0
2023-06-02 00:41:32.559969, 0, 0, 0, 0, 0
2023-06-02 00:42:32.614314, 0, 0, 0, 0, 0
2023-06-02 00:43:32.694713, 0, 0, 0, 0, 0
2023-06-02 00:44:32.721404, 0, 0, 0, 0, 0
2023-06-02 00:45:32.801280, 0, 0, 0, 0, 0
2023-06-02 00:46:32.881472, 618, 195, 26, 3, 1
2023-06-02 00:47:32.961712, 657, 208, 23, 3, 1
2023-06-02 00:48:32.987175, 666, 208, 20, 3, 1
2023-06-02 00:49:33.031382, 681, 206, 22, 3, 1
2023-06-02 00:50:33.061413, 681, 208, 20, 2, 1
2023-06-02 00:51:33.141676, 663, 202, 22, 2, 1
2023-06-02 00:52:33.181611, 648, 204, 24, 2, 1
2023-06-02 00:53:33.261922, 660, 208, 15, 1, 1
2023-06-02 00:54:33.342098, 660, 208, 19, 2, 1
2023-06-02 00:55:33.391398, 675, 213, 18, 2, 1
2023-06-02 00:56:33.471660, 633, 199, 18, 2, 0
2023-06-02 00:57:33.493108, 633, 199, 18, 2, 0
2023-06-02 00:58:33.573231, 633, 199, 18, 2, 0
2023-06-02 00:59:33.625923, 615, 195, 23, 2, 0
2023-06-02 01:00:33.692079, 615, 195, 23, 2, 0
2023-06-02 01:01:33.772327, 615, 195, 23, 2, 0
2023-06-02 01:02:33.851361, 600, 191, 23, 2, 0
2023-06-02 01:03:33.931495, 600, 191, 23, 2, 0
2023-06-02 01:04:34.011679, 600, 191, 23, 2, 0
2023-06-02 01:05:34.091922, 606, 198, 20, 2, 0
2023-06-02 01:06:34.172127, 606, 198, 20, 2, 0
2023-06-02 01:07:34.252394, 606, 198, 20, 2, 0
2023-06-02 01:08:34.301278, 606, 196, 20, 2, 0
2023-06-02 01:09:34.321408, 606, 196, 20, 2, 0
2023-06-02 01:10:34.401466, 606, 196, 20, 2, 0
2023-06-02 01:11:34.481716, 612, 198, 17, 2, 0
2023-06-02 01:12:34.561966, 612, 198, 17, 2, 0
2023-06-02 01:13:34.642090, 612, 198, 17, 2, 0
2023-06-02 01:14:34.722215, 606, 194, 19, 3, 0
2023-06-02 01:15:34.802364, 606, 194, 19, 3, 0
2023-06-02 01:16:34.882588, 606, 194, 19, 3, 0
2023-06-02 01:17:34.956942, 579, 181, 20, 3, 0
2023-06-02 01:18:35.001374, 579, 181, 20, 3, 0
2023-06-02 01:19:35.081633, 579, 181, 20, 3, 0
2023-06-02 01:20:35.161658, 567, 175, 16, 2, 0
2023-06-02 01:21:35.241359, 567, 175, 16, 2, 0
2023-06-02 01:22:35.281377, 567, 175, 16, 2, 0
2023-06-02 01:23:35.321371, 585, 173, 21, 2, 0
2023-06-02 01:24:35.401587, 585, 173, 21, 2, 0
2023-06-02 01:25:35.481806, 585, 173, 21, 2, 0
2023-06-02 01:26:35.562007, 636, 187, 25, 1, 0
2023-06-02 01:27:35.641893, 636, 187, 25, 1, 0
2023-06-02 01:28:35.691278, 636, 187, 25, 1, 0
2023-06-02 01:29:35.771275, 597, 172, 23, 1, 0
2023-06-02 01:30:35.831538, 597, 172, 23, 1, 0
2023-06-02 01:31:35.871398, 597, 172, 23, 1, 0
2023-06-02 01:32:35.951538, 630, 177, 28, 1, 0
2023-06-02 01:33:36.031709, 630, 177, 28, 1, 0
2023-06-02 01:34:36.112120, 630, 177, 28, 1, 0
2023-06-02 01:35:36.192270, 612, 170, 29, 1, 0
2023-06-02 01:36:36.271305, 612, 170, 29, 1, 0
2023-06-02 01:37:36.331884, 612, 170, 29, 1, 0
2023-06-02 01:38:36.392618, 651, 181, 31, 2, 0
2023-06-02 01:39:36.453239, 651, 181, 31, 2, 0
2023-06-02 01:40:36.513937, 651, 181, 31, 2, 0
2023-06-02 01:41:36.591402, 678, 189, 31, 2, 0
2023-06-02 01:42:36.671682, 678, 189, 31, 2, 0
2023-06-02 01:43:36.751234, 678, 189, 31, 2, 0
2023-06-02 01:44:36.830751, 687, 191, 33, 2, 0
2023-06-02 01:45:36.861101, 687, 191, 33, 2, 0
2023-06-02 01:46:36.940862, 687, 191, 33, 2, 0
2023-06-02 01:47:37.020694, 750, 212, 37, 3, 0
2023-06-02 01:48:37.100087, 750, 212, 37, 3, 0
2023-06-02 01:49:37.180415, 750, 212, 37, 3, 0
2023-06-02 01:50:37.260649, 765, 218, 43, 4, 0
2023-06-02 01:51:37.341131, 765, 218, 43, 4, 0
2023-06-02 01:52:37.421329, 765, 218, 43, 4, 0
2023-06-02 01:53:37.487495, 738, 211, 41, 4, 0
2023-06-02 01:54:37.567743, 738, 211, 41, 4, 0
2023-06-02 01:55:37.631349, 738, 211, 41, 4, 0
2023-06-02 01:56:37.711364, 723, 209, 37, 4, 0
2023-06-02 01:57:37.791270, 723, 209, 37, 4, 0
2023-06-02 01:58:37.867609, 723, 209, 37, 4, 0
2023-06-02 01:59:37.944832, 741, 211, 34, 4, 0
2023-06-02 02:00:37.981367, 741, 211, 34, 4, 0
2023-06-02 02:01:38.061765, 741, 211, 34, 4, 0
2023-06-02 02:02:38.111355, 702, 204, 30, 4, 0
2023-06-02 02:03:38.191215, 702, 204, 30, 4, 0
2023-06-02 02:04:38.270949, 702, 204, 30, 4, 0
2023-06-02 02:05:38.351196, 738, 215, 34, 4, 0
2023-06-02 02:06:38.431447, 738, 215, 34, 4, 0
2023-06-02 02:07:38.453740, 738, 215, 34, 4, 0
2023-06-02 02:08:38.533710, 705, 206, 32, 3, 0
2023-06-02 02:09:38.613761, 705, 206, 32, 3, 0
2023-06-02 02:10:38.693931, 705, 206, 32, 3, 0
2023-06-02 02:11:38.774088, 696, 202, 33, 3, 0
2023-06-02 02:12:38.854268, 696, 202, 33, 3, 0
2023-06-02 02:13:38.934345, 696, 202, 33, 3, 0
2023-06-02 02:14:39.014449, 663, 192, 26, 2, 0
2023-06-02 02:15:39.094655, 663, 192, 26, 2, 0
2023-06-02 02:16:39.151404, 663, 192, 26, 2, 0
2023-06-02 02:17:39.231692, 582, 167, 21, 1, 0
2023-06-02 02:18:39.311873, 582, 167, 21, 1, 0
2023-06-02 02:19:39.391336, 582, 167, 21, 1, 0
2023-06-02 02:20:39.471211, 606, 176, 19, 1, 0
2023-06-02 02:21:39.527693, 606, 176, 19, 1, 0
2023-06-02 02:22:39.607873, 606, 176, 19, 1, 0
2023-06-02 02:23:39.687986, 588, 174, 16, 1, 0
2023-06-02 02:24:39.768157, 588, 174, 16, 1, 0
2023-06-02 02:25:39.841348, 588, 174, 16, 1, 0
2023-06-02 02:26:39.921473, 570, 168, 15, 1, 0
2023-06-02 02:27:40.001657, 570, 168, 15, 1, 0
2023-06-02 02:28:40.045391, 570, 168, 15, 1, 0
2023-06-02 02:29:40.125509, 540, 162, 18, 1, 0
2023-06-02 02:30:40.205628, 540, 162, 18, 1, 0
2023-06-02 02:31:40.285874, 540, 162, 18, 1, 0
2023-06-02 02:32:40.359608, 561, 168, 18, 1, 0
2023-06-02 02:33:40.431391, 561, 168, 18, 1, 0
2023-06-02 02:34:40.511588, 561, 168, 18, 1, 0
2023-06-02 02:35:40.591768, 531, 159, 13, 1, 0
2023-06-02 02:36:40.671382, 531, 159, 13, 1, 0
2023-06-02 02:37:40.751625, 531, 159, 13, 1, 0
2023-06-02 02:38:40.831876, 552, 164, 19, 1, 0
2023-06-02 02:39:40.901508, 552, 164, 19, 1, 0
2023-06-02 02:40:40.956814, 552, 164, 19, 1, 0
2023-06-02 02:41:41.036936, 552, 164, 18, 1, 0
2023-06-02 02:42:41.116892, 552, 164, 18, 1, 0
2023-06-02 02:43:41.197029, 552, 164, 18, 1, 0
2023-06-02 02:44:41.277158, 558, 168, 18, 1, 0
2023-06-02 02:45:41.357318, 558, 168, 18, 1, 0
2023-06-02 02:46:41.437528, 558, 168, 18, 1, 0
2023-06-02 02:47:41.517698, 585, 178, 21, 1, 0
2023-06-02 02:48:41.549590, 585, 178, 21, 1, 0
2023-06-02 02:49:41.626162, 585, 178, 21, 1, 0
2023-06-02 02:50:41.706427, 552, 167, 17, 0, 0
2023-06-02 02:51:41.786833, 552, 167, 17, 0, 0
2023-06-02 02:52:41.851787, 552, 167, 17, 0, 0
2023-06-02 02:53:41.931983, 570, 173, 20, 0, 0
2023-06-02 02:54:42.012186, 570, 173, 20, 0, 0
2023-06-02 02:55:42.051391, 570, 173, 20, 0, 0
2023-06-02 02:56:42.131999, 615, 184, 21, 0, 0
2023-06-02 02:57:42.212199, 615, 184, 21, 0, 0
2023-06-02 02:58:42.292370, 615, 184, 21, 0, 0
2023-06-02 02:59:42.372431, 645, 196, 21, 0, 0
2023-06-02 03:00:42.451352, 645, 196, 21, 0, 0
2023-06-02 03:01:42.531579, 645, 196, 21, 0, 0
2023-06-02 03:02:42.611822, 651, 196, 23, 0, 0
2023-06-02 03:03:42.691998, 651, 196, 23, 0, 0
2023-06-02 03:04:42.771371, 651, 196, 23, 0, 0
2023-06-02 03:05:42.851525, 705, 207, 34, 0, 0
2023-06-02 03:06:42.931608, 705, 207, 34, 0, 0
2023-06-02 03:07:42.957236, 705, 207, 34, 0, 0
2023-06-02 03:08:43.037421, 723, 213, 26, 0, 0
2023-06-02 03:09:43.106754, 723, 213, 26, 0, 0
2023-06-02 03:10:43.186782, 723, 213, 26, 0, 0
2023-06-02 03:11:43.266998, 762, 224, 27, 0, 0
2023-06-02 03:12:43.347135, 762, 224, 27, 0, 0
2023-06-02 03:13:43.427277, 762, 224, 27, 0, 0
2023-06-02 03:14:43.471415, 789, 233, 34, 1, 0
2023-06-02 03:15:43.551932, 789, 233, 34, 1, 0
2023-06-02 03:16:43.632179, 789, 233, 34, 1, 0
2023-06-02 03:17:43.671355, 819, 233, 36, 1, 0
2023-06-02 03:18:43.711351, 819, 233, 36, 1, 0
2023-06-02 03:19:43.791684, 819, 233, 36, 1, 0
2023-06-02 03:20:43.871854, 828, 236, 40, 1, 0
2023-06-02 03:21:43.952064, 828, 236, 40, 1, 0
2023-06-02 03:22:44.032190, 828, 236, 40, 1, 0
2023-06-02 03:23:44.086673, 810, 228, 37, 1, 0
2023-06-02 03:24:44.120895, 810, 228, 37, 1, 0
2023-06-02 03:25:44.155343, 810, 228, 37, 1, 0
2023-06-02 03:26:44.235570, 771, 219, 39, 2, 0
2023-06-02 03:27:44.315632, 771, 219, 39, 2, 0
2023-06-02 03:28:44.395773, 771, 219, 39, 2, 0
2023-06-02 03:29:44.442562, 810, 226, 43, 3, 0
2023-06-02 03:30:44.522550, 810, 226, 43, 3, 0
2023-06-02 03:31:44.602718, 810, 226, 43, 3, 0
2023-06-02 03:32:44.681153, 846, 239, 47, 3, 0
2023-06-02 03:33:44.760903, 846, 239, 47, 3, 0
2023-06-02 03:34:44.831382, 846, 239, 47, 3, 0
2023-06-02 03:35:44.911575, 783, 228, 41, 4, 0
2023-06-02 03:36:44.991374, 783, 228, 41, 4, 0
2023-06-02 03:37:45.071363, 783, 228, 41, 4, 0
2023-06-02 03:38:45.151578, 807, 234, 41, 4, 0
2023-06-02 03:39:45.231358, 807, 234, 41, 4, 0
2023-06-02 03:40:45.253022, 807, 234, 41, 4, 0
2023-06-02 03:41:45.333211, 777, 227, 41, 4, 0
2023-06-02 03:42:45.413358, 777, 227, 41, 4, 0
2023-06-02 03:43:45.471359, 777, 227, 41, 4, 0
2023-06-02 03:44:45.531416, 762, 222, 39, 3, 0
2023-06-02 03:45:45.611737, 762, 222, 39, 3, 0
2023-06-02 03:46:45.692034, 762, 222, 39, 3, 0
2023-06-02 03:47:45.772145, 732, 222, 41, 3, 0
2023-06-02 03:48:45.831400, 732, 222, 41, 3, 0
2023-06-02 03:49:45.911642, 732, 222, 41, 3, 0
2023-06-02 03:50:45.941339, 780, 228, 37, 3, 0
2023-06-02 03:51:46.021527, 780, 228, 37, 3, 0
2023-06-02 03:52:46.074156, 780, 228, 37, 3, 0
2023-06-02 03:53:46.131348, 819, 245, 40, 3, 0
2023-06-02 03:54:46.211495, 819, 245, 40, 3, 0
2023-06-02 03:55:46.291687, 819, 245, 40, 3, 0
2023-06-02 03:56:46.361356, 870, 258, 40, 2, 0
2023-06-02 03:57:46.401335, 870, 258, 40, 2, 0
2023-06-02 03:58:46.481434, 870, 258, 40, 2, 0
2023-06-02 03:59:46.514878, 852, 249, 38, 1, 0
2023-06-02 04:00:46.589649, 852, 249, 38, 1, 0
2023-06-02 04:01:46.669817, 852, 249, 38, 1, 0
2023-06-02 04:02:46.749962, 810, 232, 34, 1, 0
2023-06-02 04:03:46.830043, 810, 232, 34, 1, 0
2023-06-02 04:04:46.910090, 810, 232, 34, 1, 0
2023-06-02 04:05:46.990340, 798, 226, 29, 0, 0
2023-06-02 04:06:47.070617, 798, 226, 29, 0, 0
2023-06-02 04:07:47.150985, 798, 226, 29, 0, 0
2023-06-02 04:08:47.231193, 750, 211, 31, 1, 0
2023-06-02 04:09:47.311493, 750, 211, 31, 1, 0
2023-06-02 04:10:47.391664, 750, 211, 31, 1, 0
2023-06-02 04:11:47.471899, 804, 224, 31, 1, 0
2023-06-02 04:12:47.552073, 804, 224, 31, 1, 0
2023-06-02 04:13:47.632134, 804, 224, 31, 1, 0
2023-06-02 04:14:47.661347, 924, 260, 35, 2, 0
2023-06-02 04:15:47.741640, 924, 260, 35, 2, 0
2023-06-02 04:16:47.821919, 924, 260, 35, 2, 0
2023-06-02 04:17:47.901381, 942, 263, 33, 2, 0
2023-06-02 04:18:47.956793, 942, 263, 33, 2, 0
2023-06-02 04:19:47.980773, 942, 263, 33, 2, 0
2023-06-02 04:20:48.061036, 891, 254, 33, 2, 0
2023-06-02 04:21:48.141273, 891, 254, 33, 2, 0
2023-06-02 04:22:48.221448, 891, 254, 33, 2, 0
2023-06-02 04:23:48.251344, 873, 248, 31, 2, 0
2023-06-02 04:24:48.331498, 873, 248, 31, 2, 0
2023-06-02 04:25:48.411737, 873, 248, 31, 2, 0
2023-06-02 04:26:48.492009, 873, 241, 29, 2, 0
2023-06-02 04:27:48.531363, 873, 241, 29, 2, 0
2023-06-02 04:28:48.611579, 873, 241, 29, 2, 0
2023-06-02 04:29:48.651402, 846, 241, 33, 2, 0
2023-06-02 04:30:48.731623, 846, 241, 33, 2, 0
2023-06-02 04:31:48.791341, 846, 241, 33, 2, 0
2023-06-02 04:32:48.871491, 858, 252, 33, 2, 0
2023-06-02 04:33:48.951810, 858, 252, 33, 2, 0
2023-06-02 04:34:49.032054, 858, 252, 33, 2, 0
2023-06-02 04:35:49.071379, 852, 252, 38, 2, 0
2023-06-02 04:36:49.127810, 852, 252, 38, 2, 0
2023-06-02 04:37:49.207957, 852, 252, 38, 2, 0
2023-06-02 04:38:49.278336, 888, 263, 38, 1, 0
2023-06-02 04:39:49.358475, 888, 263, 38, 1, 0
2023-06-02 04:40:49.439063, 888, 263, 38, 1, 0
2023-06-02 04:41:49.471352, 834, 248, 38, 1, 0
2023-06-02 04:42:49.551366, 834, 248, 38, 1, 0
2023-06-02 04:43:49.626536, 834, 248, 38, 1, 0
2023-06-02 04:44:49.706609, 735, 216, 40, 1, 0
2023-06-02 04:45:49.786789, 735, 216, 40, 1, 0
2023-06-02 04:46:49.867046, 735, 216, 40, 1, 0
2023-06-02 04:47:49.947187, 741, 214, 36, 1, 0
2023-06-02 04:48:50.022674, 741, 214, 36, 1, 0
2023-06-02 04:49:50.102817, 741, 214, 36, 1, 0
2023-06-02 04:50:50.182912, 729, 212, 36, 1, 0
2023-06-02 04:51:50.221377, 729, 212, 36, 1, 0
2023-06-02 04:52:50.301351, 729, 212, 36, 1, 0
2023-06-02 04:53:50.381456, 729, 205, 36, 1, 0
2023-06-02 04:54:50.461788, 729, 205, 36, 1, 0
2023-06-02 04:55:50.541964, 729, 205, 36, 1, 0
2023-06-02 04:56:50.622156, 735, 214, 44, 1, 0
2023-06-02 04:57:50.702268, 735, 214, 44, 1, 0
2023-06-02 04:58:50.782379, 735, 214, 44, 1, 0
2023-06-02 04:59:50.831523, 735, 214, 36, 1, 0
2023-06-02 05:00:50.911800, 735, 214, 36, 1, 0
2023-06-02 05:01:50.956891, 735, 214, 36, 1, 0
2023-06-02 05:02:50.991369, 714, 203, 36, 1, 0
2023-06-02 05:03:51.071390, 714, 203, 36, 1, 0
2023-06-02 05:04:51.111357, 714, 203, 36, 1, 0
2023-06-02 05:05:51.191490, 684, 191, 31, 1, 0
2023-06-02 05:06:51.231380, 684, 191, 31, 1, 0
2023-06-02 05:07:51.311373, 684, 191, 31, 1, 0
2023-06-02 05:08:51.391569, 666, 187, 33, 2, 0
2023-06-02 05:09:51.471715, 666, 187, 33, 2, 0
2023-06-02 05:10:51.552098, 666, 187, 33, 2, 0
2023-06-02 05:11:51.631405, 708, 202, 41, 3, 0
2023-06-02 05:12:51.661366, 708, 202, 41, 3, 0
2023-06-02 05:13:51.741459, 708, 202, 41, 3, 0
2023-06-02 05:14:51.821626, 732, 207, 37, 2, 0
2023-06-02 05:15:51.901848, 732, 207, 37, 2, 0
2023-06-02 05:16:51.951398, 732, 207, 37, 2, 0
2023-06-02 05:17:52.031583, 699, 200, 36, 2, 0
2023-06-02 05:18:52.111798, 699, 200, 36, 2, 0
2023-06-02 05:19:52.192061, 699, 200, 36, 2, 0
2023-06-02 05:20:52.272317, 699, 198, 36, 3, 0
2023-06-02 05:21:52.352497, 699, 198, 36, 3, 0
2023-06-02 05:22:52.432620, 699, 198, 36, 3, 0
2023-06-02 05:23:52.512728, 768, 227, 40, 3, 0
2023-06-02 05:24:52.561342, 768, 227, 40, 3, 0
2023-06-02 05:25:52.641370, 768, 227, 40, 3, 0
2023-06-02 05:26:52.721587, 813, 237, 38, 3, 0
2023-06-02 05:27:52.801708, 813, 237, 38, 3, 0
2023-06-02 05:28:52.881895, 813, 237, 38, 3, 0
2023-06-02 05:29:52.962048, 822, 239, 42, 4, 0
2023-06-02 05:30:53.042152, 822, 239, 42, 4, 0
2023-06-02 05:31:53.121354, 822, 239, 42, 4, 0
2023-06-02 05:32:53.142017, 837, 246, 42, 5, 0
2023-06-02 05:33:53.222170, 837, 246, 42, 5, 0
2023-06-02 05:34:53.302382, 837, 246, 42, 5, 0
2023-06-02 05:35:53.382567, 888, 265, 43, 5, 0
2023-06-02 05:36:53.462695, 888, 265, 43, 5, 0
2023-06-02 05:37:53.542826, 888, 265, 43, 5, 0
2023-06-02 05:38:53.622946, 912, 275, 41, 4, 0
2023-06-02 05:39:53.703070, 912, 275, 41, 4, 0
2023-06-02 05:40:53.783200, 912, 275, 41, 4, 0
2023-06-02 05:41:53.863384, 870, 262, 33, 3, 0
2023-06-02 05:42:53.943443, 870, 262, 33, 3, 0
2023-06-02 05:43:53.981372, 870, 262, 33, 3, 0
2023-06-02 05:44:54.061470, 900, 276, 39, 4, 0
2023-06-02 05:45:54.141698, 900, 276, 39, 4, 0
2023-06-02 05:46:54.221343, 900, 276, 39, 4, 0
2023-06-02 05:47:54.301463, 906, 278, 40, 4, 0
2023-06-02 05:48:54.381614, 906, 278, 40, 4, 0
2023-06-02 05:49:54.461331, 906, 278, 40, 4, 0
2023-06-02 05:50:54.518266, 939, 285, 42, 3, 0
2023-06-02 05:51:54.544125, 939, 285, 42, 3, 0
2023-06-02 05:52:54.624276, 939, 285, 42, 3, 0
2023-06-02 05:53:54.704378, 882, 258, 38, 4, 0
2023-06-02 05:54:54.784485, 882, 258, 38, 4, 0
2023-06-02 05:55:54.864609, 882, 258, 38, 4, 0
2023-06-02 05:56:54.941378, 804, 241, 32, 4, 0
2023-06-02 05:57:54.991386, 804, 241, 32, 4, 0
2023-06-02 05:58:55.071674, 804, 241, 32, 4, 0
2023-06-02 05:59:55.151360, 765, 227, 27, 3, 0
2023-06-02 06:00:55.217668, 765, 227, 27, 3, 0
2023-06-02 06:01:55.297808, 765, 227, 27, 3, 0
2023-06-02 06:02:55.371735, 750, 220, 27, 3, 0
2023-06-02 06:03:55.447252, 750, 220, 27, 3, 0
2023-06-02 06:04:55.510707, 750, 220, 27, 3, 0
2023-06-02 06:05:55.574125, 780, 217, 31, 3, 0
2023-06-02 06:06:55.641794, 780, 217, 31, 3, 0
2023-06-02 06:07:55.682342, 780, 217, 31, 3, 0
2023-06-02 06:08:55.762465, 786, 221, 39, 3, 0
2023-06-02 06:09:55.791338, 786, 221, 39, 3, 0
2023-06-02 06:10:55.871494, 786, 221, 39, 3, 0
2023-06-02 06:11:55.914037, 810, 228, 43, 3, 0
2023-06-02 06:12:55.993778, 810, 228, 43, 3, 0
2023-06-02 06:13:56.031354, 810, 228, 43, 3, 0
2023-06-02 06:14:56.111416, 741, 205, 33, 2, 0
2023-06-02 06:15:56.191511, 741, 205, 33, 2, 0
2023-06-02 06:16:56.271691, 741, 205, 33, 2, 0
2023-06-02 06:17:56.351356, 750, 210, 37, 2, 0
2023-06-02 06:18:56.421345, 750, 210, 37, 2, 0
2023-06-02 06:19:56.501503, 750, 210, 37, 2, 0
2023-06-02 06:20:56.581705, 705, 201, 34, 2, 0
2023-06-02 06:21:56.661912, 705, 201, 34, 2, 0
2023-06-02 06:22:56.732516, 705, 201, 34, 2, 0
2023-06-02 06:23:56.812768, 693, 205, 38, 1, 0
2023-06-02 06:24:56.892959, 693, 205, 38, 1, 0
2023-06-02 06:25:56.971375, 693, 205, 38, 1, 0
2023-06-02 06:26:57.051672, 696, 205, 38, 1, 0
2023-06-02 06:27:57.111376, 696, 205, 38, 1, 0
2023-06-02 06:28:57.191608, 696, 205, 38, 1, 0
2023-06-02 06:29:57.271838, 771, 226, 45, 1, 0
2023-06-02 06:30:57.311355, 771, 226, 45, 1, 0
2023-06-02 06:31:57.391539, 771, 226, 45, 1, 0
2023-06-02 06:32:57.471743, 816, 239, 49, 0, 0
2023-06-02 06:33:57.524390, 816, 239, 49, 0, 0
2023-06-02 06:34:57.604517, 816, 239, 49, 0, 0
2023-06-02 06:35:57.684546, 846, 258, 49, 0, 0
2023-06-02 06:36:57.764680, 846, 258, 49, 0, 0
2023-06-02 06:37:57.844902, 846, 258, 49, 0, 0
2023-06-02 06:38:57.884763, 810, 242, 41, 1, 0
2023-06-02 06:39:57.964953, 810, 242, 41, 1, 0
2023-06-02 06:40:58.041348, 810, 242, 41, 1, 0
2023-06-02 06:41:58.121532, 786, 233, 39, 1, 0
2023-06-02 06:42:58.201741, 786, 233, 39, 1, 0
2023-06-02 06:43:58.281903, 786, 233, 39, 1, 0
2023-06-02 06:44:58.362060, 795, 237, 43, 1, 0
2023-06-02 06:45:58.418313, 795, 237, 43, 1, 0
2023-06-02 06:46:58.498840, 795, 237, 43, 1, 0
2023-06-02 06:47:58.561365, 801, 239, 47, 1, 0
2023-06-02 06:48:58.591382, 801, 239, 47, 1, 0
2023-06-02 06:49:58.671557, 801, 239, 47, 1, 0
2023-06-02 06:50:58.751686, 852, 250, 56, 2, 0
2023-06-02 06:51:58.831360, 852, 250, 56, 2, 0
2023-06-02 06:52:58.899842, 852, 250, 56, 2, 0
2023-06-02 06:53:58.963343, 912, 265, 62, 3, 0
2023-06-02 06:54:59.043495, 912, 265, 62, 3, 0
2023-06-02 06:55:59.123627, 912, 265, 62, 3, 0
2023-06-02 06:56:59.203722, 930, 265, 62, 3, 0
2023-06-02 06:57:59.283800, 930, 265, 62, 3, 0
2023-06-02 06:58:59.311390, 930, 265, 62, 3, 0
2023-06-02 06:59:59.392191, 879, 252, 58, 3, 0
2023-06-02 07:00:59.472347, 879, 252, 58, 3, 0
2023-06-02 07:01:59.552462, 879, 252, 58, 3, 0
2023-06-02 07:02:59.632613, 867, 246, 56, 3, 0
2023-06-02 07:03:59.712773, 867, 246, 56, 3, 0
2023-06-02 07:04:59.792894, 867, 246, 56, 3, 0
2023-06-02 07:05:59.861385, 813, 230, 56, 3, 0
2023-06-02 07:06:59.941574, 813, 230, 56, 3, 0
2023-06-02 07:08:00.021804, 813, 230, 56, 3, 0
2023-06-02 07:09:00.102009, 861, 244, 60, 2, 0
2023-06-02 07:10:00.182202, 861, 244, 60, 2, 0
2023-06-02 07:11:00.262382, 861, 244, 60, 2, 0
2023-06-02 07:12:00.342602, 867, 247, 60, 2, 0
2023-06-02 07:13:00.422788, 867, 247, 60, 2, 0
2023-06-02 07:14:00.502898, 867, 247, 60, 2, 0
2023-06-02 07:15:00.581188, 885, 245, 56, 2, 0
2023-06-02 07:16:00.661007, 885, 245, 56, 2, 0
2023-06-02 07:17:00.731394, 885, 245, 56, 2, 0
2023-06-02 07:18:00.811637, 879, 240, 48, 2, 0
2023-06-02 07:19:00.890795, 879, 240, 48, 2, 0
2023-06-02 07:20:00.971037, 879, 240, 48, 2, 0
2023-06-02 07:21:01.051154, 885, 246, 44, 1, 0
2023-06-02 07:22:01.121207, 885, 246, 44, 1, 0
2023-06-02 07:23:01.200977, 885, 246, 44, 1, 0
2023-06-02 07:24:01.281040, 861, 238, 38, 0, 0
2023-06-02 07:25:01.361256, 861, 238, 38, 0, 0
2023-06-02 07:26:01.441473, 861, 238, 38, 0, 0
2023-06-02 07:27:01.521616, 897, 249, 44, 0, 0
2023-06-02 07:28:01.596102, 897, 249, 44, 0, 0
2023-06-02 07:29:01.676215, 897, 249, 44, 0, 0
2023-06-02 07:30:01.751363, 912, 251, 41, 0, 0
2023-06-02 07:31:01.831562, 912, 251, 41, 0, 0
2023-06-02 07:32:01.911771, 912, 251, 41, 0, 0
2023-06-02 07:33:01.991920, 918, 249, 41, 1, 0
2023-06-02 07:34:02.072081, 918, 249, 41, 1, 0
2023-06-02 07:35:02.152238, 918, 249, 41, 1, 0
2023-06-02 07:36:02.232368, 936, 253, 37, 1, 0
2023-06-02 07:37:02.311349, 936, 253, 37, 1, 0
2023-06-02 07:38:02.382756, 936, 253, 37, 1, 0
2023-06-02 07:39:02.462876, 918, 249, 35, 1, 0
2023-06-02 07:40:02.543044, 918, 249, 35, 1, 0
2023-06-02 07:41:02.623218, 918, 249, 35, 1, 0
2023-06-02 07:42:02.703374, 891, 236, 35, 1, 0
2023-06-02 07:43:02.783423, 891, 236, 35, 1, 0
2023-06-02 07:44:02.840191, 891, 236, 35, 1, 0
2023-06-02 07:45:02.920394, 870, 236, 37, 1, 0
2023-06-02 07:46:02.972663, 870, 236, 37, 1, 0
2023-06-02 07:47:03.053217, 870, 236, 37, 1, 0
2023-06-02 07:48:03.133440, 870, 241, 41, 2, 0
2023-06-02 07:49:03.213616, 870, 241, 41, 2, 0
2023-06-02 07:50:03.293734, 870, 241, 41, 2, 0
2023-06-02 07:51:03.373826, 852, 230, 43, 2, 0
2023-06-02 07:52:03.401370, 852, 230, 43, 2, 0
2023-06-02 07:53:03.421913, 852, 230, 43, 2, 0
2023-06-02 07:54:03.491370, 822, 224, 41, 2, 0
2023-06-02 07:55:03.571383, 822, 224, 41, 2, 0
2023-06-02 07:56:03.652077, 822, 224, 41, 2, 0
2023-06-02 07:57:03.732251, 768, 211, 37, 2, 0
2023-06-02 07:58:03.812404, 768, 211, 37, 2, 0
2023-06-02 07:59:03.892602, 768, 211, 37, 2, 0
2023-06-02 08:00:03.972758, 753, 207, 38, 2, 0
2023-06-02 08:01:04.052878, 753, 207, 38, 2, 0
2023-06-02 08:02:04.133037, 753, 207, 38, 2, 0
2023-06-02 08:03:04.213181, 708, 204, 36, 1, 0
2023-06-02 08:04:04.293233, 708, 204, 36, 1, 0
2023-06-02 08:05:04.373340, 708, 204, 36, 1, 0
2023-06-02 08:06:04.453483, 690, 193, 35, 1, 0
2023-06-02 08:07:04.533682, 690, 193, 35, 1, 0
2023-06-02 08:08:04.613790, 690, 193, 35, 1, 0
2023-06-02 08:09:04.694107, 672, 187, 35, 2, 0
2023-06-02 08:10:04.774215, 672, 187, 35, 2, 0
2023-06-02 08:11:04.854333, 672, 187, 35, 2, 0
2023-06-02 08:12:04.925065, 672, 193, 37, 2, 0
2023-06-02 08:13:05.001370, 672, 193, 37, 2, 0
2023-06-02 08:14:05.081561, 672, 193, 37, 2, 0
2023-06-02 08:15:05.161696, 729, 208, 35, 3, 0
2023-06-02 08:16:05.187387, 729, 208, 35, 3, 0
2023-06-02 08:17:05.231381, 729, 208, 35, 3, 0
2023-06-02 08:18:05.311575, 747, 210, 35, 2, 0
2023-06-02 08:19:05.391941, 747, 210, 35, 2, 0
2023-06-02 08:20:05.472113, 747, 210, 35, 2, 0
2023-06-02 08:21:05.551362, 714, 206, 31, 2, 0
2023-06-02 08:22:05.591379, 714, 206, 31, 2, 0
2023-06-02 08:23:05.671613, 714, 206, 31, 2, 0
2023-06-02 08:24:05.751885, 699, 199, 29, 2, 0
2023-06-02 08:25:05.791351, 699, 199, 29, 2, 0
2023-06-02 08:26:05.871685, 699, 199, 29, 2, 0
2023-06-02 08:27:05.951959, 678, 195, 26, 2, 0
2023-06-02 08:28:05.991575, 678, 195, 26, 2, 0
2023-06-02 08:29:06.031375, 678, 195, 26, 2, 0
2023-06-02 08:30:06.111373, 705, 208, 28, 2, 0
2023-06-02 08:31:06.191679, 705, 208, 28, 2, 0
2023-06-02 08:32:06.271457, 705, 208, 28, 2, 0
2023-06-02 08:33:06.351623, 882, 250, 28, 2, 0
2023-06-02 08:34:06.431674, 882, 250, 28, 2, 0
2023-06-02 08:35:06.511726, 882, 250, 28, 2, 0
2023-06-02 08:36:06.592116, 867, 248, 29, 2, 0
2023-06-02 08:37:06.672320, 867, 248, 29, 2, 0
2023-06-02 08:38:06.752440, 867, 248, 29, 2, 0
2023-06-02 08:39:06.832579, 867, 246, 24, 1, 0
2023-06-02 08:40:06.912714, 867, 246, 24, 1, 0
2023-06-02 08:41:06.992822, 867, 246, 24, 1, 0
2023-06-02 08:42:07.072976, 885, 252, 22, 2, 0
2023-06-02 08:43:07.153226, 885, 252, 22, 2, 0
2023-06-02 08:44:07.233217, 885, 252, 22, 2, 0
2023-06-02 08:45:07.313082, 831, 239, 20, 1, 0
2023-06-02 08:46:07.393242, 831, 239, 20, 1, 0
2023-06-02 08:47:07.473600, 831, 239, 20, 1, 0
2023-06-02 08:48:07.521351, 813, 230, 15, 1, 0
2023-06-02 08:49:07.601452, 813, 230, 15, 1, 0
2023-06-02 08:50:07.681575, 813, 230, 15, 1, 0
2023-06-02 08:51:07.761354, 858, 239, 19, 2, 0
2023-06-02 08:52:07.841626, 858, 239, 19, 2, 0
2023-06-02 08:53:07.921866, 858, 239, 19, 2, 0
2023-06-02 08:54:08.002140, 891, 254, 31, 2, 0
2023-06-02 08:55:08.082313, 891, 254, 31, 2, 0
2023-06-02 08:56:08.162655, 891, 254, 31, 2, 0
2023-06-02 08:57:08.242863, 897, 252, 36, 2, 0
2023-06-02 08:58:08.323065, 897, 252, 36, 2, 0
2023-06-02 08:59:08.403217, 897, 252, 36, 2, 0
2023-06-02 09:00:08.483375, 852, 237, 33, 2, 0
2023-06-02 09:01:08.563471, 852, 237, 33, 2, 0
2023-06-02 09:02:08.641416, 852, 237, 33, 2, 0
2023-06-02 09:03:08.721598, 720, 200, 31, 2, 0
2023-06-02 09:04:08.801776, 720, 200, 31, 2, 0
2023-06-02 09:05:08.881374, 720, 200, 31, 2, 0
2023-06-02 09:06:08.931340, 753, 213, 33, 2, 0
2023-06-02 09:07:09.011500, 753, 213, 33, 2, 0
2023-06-02 09:08:09.091348, 753, 213, 33, 2, 0
2023-06-02 09:09:09.121439, 741, 211, 38, 2, 0
2023-06-02 09:10:09.201719, 741, 211, 38, 2, 0
2023-06-02 09:11:09.282005, 741, 211, 38, 2, 0
2023-06-02 09:12:09.362240, 768, 214, 38, 2, 0
2023-06-02 09:13:09.442435, 768, 214, 38, 2, 0
2023-06-02 09:14:09.522605, 768, 214, 38, 2, 0
2023-06-02 09:15:09.602666, 816, 223, 38, 2, 0
2023-06-02 09:16:09.631348, 816, 223, 38, 2, 0
2023-06-02 09:17:09.711172, 816, 223, 38, 2, 0
2023-06-02 09:18:09.731352, 816, 228, 45, 3, 0
2023-06-02 09:19:09.811590, 816, 228, 45, 3, 0
2023-06-02 09:20:09.892140, 816, 228, 45, 3, 0
2023-06-02 09:21:09.972170, 816, 228, 41, 2, 0
2023-06-02 09:22:10.052428, 816, 228, 41, 2, 0
2023-06-02 09:23:10.132591, 816, 228, 41, 2, 0
2023-06-02 09:24:10.212756, 822, 228, 35, 3, 0
2023-06-02 09:25:10.292893, 822, 228, 35, 3, 0
2023-06-02 09:26:10.373059, 822, 228, 35, 3, 0
2023-06-02 09:27:10.453306, 885, 243, 35, 3, 0
2023-06-02 09:28:10.533645, 885, 243, 35, 3, 0
2023-06-02 09:29:10.571349, 885, 243, 35, 3, 0
2023-06-02 09:30:10.651500, 924, 256, 38, 3, 0
2023-06-02 09:31:10.731775, 924, 256, 38, 3, 0
2023-06-02 09:32:10.812006, 924, 256, 38, 3, 0
2023-06-02 09:33:10.892238, 894, 254, 42, 3, 0
2023-06-02 09:34:10.972363, 894, 254, 42, 3, 0
2023-06-02 09:35:11.052431, 894, 254, 42, 3, 0
2023-06-02 09:36:11.132496, 861, 247, 39, 3, 0
2023-06-02 09:37:11.212615, 861, 247, 39, 3, 0
2023-06-02 09:38:11.292673, 861, 247, 39, 3, 0
2023-06-02 09:39:11.372770, 861, 245, 35, 3, 0
2023-06-02 09:40:11.452986, 861, 245, 35, 3, 0
2023-06-02 09:41:11.531370, 861, 245, 35, 3, 0
2023-06-02 09:42:11.561397, 972, 286, 49, 3, 0
2023-06-02 09:43:11.637862, 954, 286, 53, 6, 0
2023-06-02 09:44:11.717877, 945, 283, 51, 6, 0
2023-06-02 09:45:11.797961, 933, 281, 53, 7, 0
2023-06-02 09:46:11.871338, 921, 279, 51, 9, 0
2023-06-02 09:47:11.935358, 897, 279, 53, 10, 0
2023-06-02 09:48:11.956778, 903, 274, 53, 11, 0
2023-06-02 09:49:11.988681, 897, 273, 49, 12, 0
2023-06-02 09:50:12.064051, 942, 280, 58, 13, 0
2023-06-02 09:51:12.139795, 960, 290, 64, 14, 0
2023-06-02 09:52:12.219988, 825, 244, 48, 14, 0
2023-06-02 09:53:12.300171, 801, 238, 52, 12, 0
2023-06-02 09:54:12.341517, 804, 241, 54, 12, 0
2023-06-02 09:55:12.421763, 804, 241, 54, 12, 0
2023-06-02 09:56:12.501998, 804, 241, 54, 12, 0
2023-06-02 09:57:12.582187, 846, 251, 54, 11, 0
2023-06-02 09:58:12.662345, 846, 251, 54, 11, 0
2023-06-02 09:59:12.701365, 846, 251, 54, 11, 0
2023-06-02 10:00:12.781573, 864, 253, 58, 9, 0
2023-06-02 10:01:12.861797, 864, 253, 58, 9, 0
2023-06-02 10:02:12.942115, 864, 253, 58, 9, 0
2023-06-02 10:03:13.022273, 870, 255, 56, 9, 1
2023-06-02 10:04:13.091381, 870, 255, 56, 9, 1
2023-06-02 10:05:13.171639, 870, 255, 56, 9, 1
2023-06-02 10:06:13.251880, 900, 270, 62, 8, 1
2023-06-02 10:07:13.281378, 900, 270, 62, 8, 1
2023-06-02 10:08:13.361574, 900, 270, 62, 8, 1
2023-06-02 10:09:13.441368, 912, 271, 64, 7, 1
2023-06-02 10:10:13.521554, 912, 271, 64, 7, 1
2023-06-02 10:11:13.601684, 912, 271, 64, 7, 1
2023-06-02 10:12:13.626526, 894, 267, 60, 6, 1
2023-06-02 10:13:13.651393, 894, 267, 60, 6, 1
2023-06-02 10:14:13.731496, 894, 267, 60, 6, 1
2023-06-02 10:15:13.811690, 900, 265, 60, 10, 1
2023-06-02 10:16:13.891856, 900, 265, 60, 10, 1
2023-06-02 10:17:13.956778, 900, 265, 60, 10, 1
2023-06-02 10:18:14.031354, 954, 270, 60, 9, 1
2023-06-02 10:19:14.111581, 954, 270, 60, 9, 1
2023-06-02 10:20:14.191746, 954, 270, 60, 9, 1
2023-06-02 10:21:14.271956, 927, 257, 54, 8, 1
2023-06-02 10:22:14.352153, 927, 257, 54, 8, 1
2023-06-02 10:23:14.432272, 927, 257, 54, 8, 1
2023-06-02 10:24:14.512394, 945, 261, 52, 7, 1
2023-06-02 10:25:14.592514, 945, 261, 52, 7, 1
2023-06-02 10:26:14.672638, 945, 261, 52, 7, 1
2023-06-02 10:27:14.752816, 909, 251, 54, 7, 1
2023-06-02 10:28:14.801358, 909, 251, 54, 7, 1
2023-06-02 10:29:14.881503, 909, 251, 54, 7, 1
2023-06-02 10:30:14.956817, 879, 236, 48, 9, 1
2023-06-02 10:31:15.037049, 879, 236, 48, 9, 1
2023-06-02 10:32:15.117253, 879, 236, 48, 9, 1
2023-06-02 10:33:15.197352, 885, 238, 48, 9, 0
2023-06-02 10:34:15.277498, 885, 238, 48, 9, 0
2023-06-02 10:35:15.357661, 885, 238, 48, 9, 0
2023-06-02 10:36:15.437764, 840, 219, 42, 9, 0
2023-06-02 10:37:15.491368, 840, 219, 42, 9, 0
2023-06-02 10:38:15.571560, 840, 219, 42, 9, 0
2023-06-02 10:39:15.651699, 864, 227, 39, 9, 0
2023-06-02 10:40:15.731780, 864, 227, 39, 9, 0
2023-06-02 10:41:15.811404, 864, 227, 39, 9, 0
2023-06-02 10:42:15.891745, 900, 237, 39, 12, 0
2023-06-02 10:43:15.971951, 900, 237, 39, 12, 0
2023-06-02 10:44:16.051365, 900, 237, 39, 12, 0
2023-06-02 10:45:16.081400, 858, 224, 32, 7, 0
2023-06-02 10:46:16.161601, 858, 224, 32, 7, 0
2023-06-02 10:47:16.241777, 858, 224, 32, 7, 0
2023-06-02 10:48:16.321892, 795, 213, 31, 7, 0
2023-06-02 10:49:16.402014, 795, 213, 31, 7, 0
2023-06-02 10:50:16.482094, 795, 213, 31, 7, 0
2023-06-02 10:51:16.562227, 795, 213, 28, 7, 0
2023-06-02 10:52:16.642655, 795, 213, 28, 7, 0
2023-06-02 10:53:16.723146, 795, 213, 28, 7, 0
2023-06-02 10:54:16.803319, 813, 215, 28, 8, 0
2023-06-02 10:55:16.883489, 813, 215, 28, 8, 0
2023-06-02 10:56:16.956798, 813, 215, 28, 8, 0
2023-06-02 10:57:17.036999, 819, 214, 21, 8, 0
2023-06-02 10:58:17.081352, 819, 214, 21, 8, 0
2023-06-02 10:59:17.151250, 819, 214, 21, 8, 0
2023-06-02 11:00:17.190352, 837, 221, 19, 5, 0
2023-06-02 11:01:17.245404, 837, 221, 19, 5, 0
2023-06-02 11:02:17.281376, 837, 221, 19, 5, 0
2023-06-02 11:03:17.351378, 798, 208, 15, 4, 0
2023-06-02 11:04:17.431540, 798, 208, 15, 4, 0
2023-06-02 11:05:17.466721, 798, 208, 15, 4, 0
2023-06-02 11:06:17.546791, 825, 219, 15, 7, 1
2023-06-02 11:07:17.626993, 825, 219, 15, 7, 1
2023-06-02 11:08:17.707146, 825, 219, 15, 7, 1
2023-06-02 11:09:17.787336, 819, 215, 22, 7, 1
2023-06-02 11:10:17.841966, 819, 215, 22, 7, 1
2023-06-02 11:11:17.922088, 819, 215, 22, 7, 1
2023-06-02 11:12:18.002275, 756, 200, 26, 5, 2
2023-06-02 11:13:18.082388, 756, 200, 26, 5, 2
2023-06-02 11:14:18.162534, 756, 200, 26, 5, 2
2023-06-02 11:15:18.242726, 753, 200, 29, 5, 2
2023-06-02 11:16:18.271395, 753, 200, 29, 5, 2
2023-06-02 11:17:18.351670, 753, 200, 29, 5, 2
2023-06-02 11:18:18.431854, 774, 208, 30, 5, 2
2023-06-02 11:19:18.472801, 774, 208, 30, 5, 2
2023-06-02 11:20:18.552927, 774, 208, 30, 5, 2
2023-06-02 11:21:18.633107, 807, 214, 31, 5, 2
2023-06-02 11:22:18.697020, 807, 214, 31, 5, 2
2023-06-02 11:23:18.777146, 807, 214, 31, 5, 2
2023-06-02 11:24:18.857249, 768, 203, 29, 4, 2
2023-06-02 11:25:18.937345, 768, 203, 29, 4, 2
2023-06-02 11:26:19.017374, 768, 203, 29, 4, 2
2023-06-02 11:27:19.097731, 744, 203, 34, 4, 2
2023-06-02 11:28:19.177843, 744, 203, 34, 4, 2
2023-06-02 11:29:19.258007, 744, 203, 34, 4, 2
2023-06-02 11:30:19.338191, 768, 219, 46, 11, 2
2023-06-02 11:31:19.418373, 768, 219, 46, 11, 2
2023-06-02 11:32:19.498530, 768, 219, 46, 11, 2
2023-06-02 11:33:19.541391, 756, 217, 48, 11, 2
2023-06-02 11:34:19.621532, 756, 217, 48, 11, 2
2023-06-02 11:35:19.701692, 756, 217, 48, 11, 2
2023-06-02 11:36:19.781923, 774, 221, 52, 9, 1
2023-06-02 11:37:19.862099, 774, 221, 52, 9, 1
2023-06-02 11:38:19.942221, 774, 221, 52, 9, 1
2023-06-02 11:39:19.966063, 729, 212, 48, 9, 1
2023-06-02 11:40:20.046092, 729, 212, 48, 9, 1
