Time, humidity, pressure, temperature
2023-06-02 00:01:29.722090,  44.77862812547463,  1003.7071140026056,  22.546038691845023
2023-06-02 00:02:29.813081,  43.79146746965413,  1003.7720473154897,  23.049252836691448
2023-06-02 00:03:29.871344,  43.41179476162073,  1003.760891889216,  22.379978662729265
2023-06-02 00:04:29.901381,  43.8831201692028,  1003.7634279706883,  22.2491437115008
2023-06-02 00:05:29.956817,  43.96933226990676,  1003.7301912915714,  22.229015274927953
2023-06-02 00:06:30.037063,  44.17707365259368,  1003.8132838806861,  22.279336375091226
2023-06-02 00:07:30.061411,  44.039504700950005,  1003.7739953521568,  22.35481807990582
2023-06-02 00:08:30.141692,  43.84434997432302,  1003.7512893346241,  22.44036409119144
2023-06-02 00:09:30.191440,  43.64307719296408,  1003.697727772667,  22.490685313590802
2023-06-02 00:10:30.238328,  43.608803437678354,  1003.7368539217362,  22.53094231246505
2023-06-02 00:11:30.301878,  43.608953429385345,  1003.7427510913262,  22.55107081888709
2023-06-02 00:12:30.365661,  44.20505879529122,  1003.7456640279715,  22.18875841575209
2023-06-02 00:13:30.429018,  44.42259824199008,  1003.8300274555602,  22.057923752069474
2023-06-02 00:14:30.480704,  44.50863589218261,  1003.8347766836999,  22.027731165313163
2023-06-02 00:15:30.560882,  44.39386845517751,  1003.838338689919,  22.062955850880826
2023-06-02 00:16:30.641056,  44.57154268940818,  1003.8228982616403,  21.98747439926956
2023-06-02 00:17:30.711352,  44.77759679458579,  1003.86677262364,  21.881800477026264
2023-06-02 00:18:30.791352,  44.81739054342007,  1003.7919581838192,  21.83651169249788
2023-06-02 00:19:30.871334,  44.86308583987568,  1003.769381643802,  21.80631918257568
2023-06-02 00:20:30.951537,  45.05796161818578,  1003.8061112457879,  21.745934194163418
2023-06-02 00:21:31.006937,  45.10858805625679,  1003.8035982295214,  21.645292639941907
2023-06-02 00:22:31.087132,  45.21143295393748,  1003.8758792885899,  21.589939834742108
2023-06-02 00:23:31.167198,  45.3945268025855,  1003.8686147248005,  21.519490860874065
2023-06-02 00:24:31.247389,  45.3881810734576,  1003.8400280400607,  21.46917020017863
2023-06-02 00:25:31.327545,  45.40553974561867,  1003.9112283252148,  21.479234329989414
2023-06-02 00:26:31.391355,  45.23448287484459,  1003.9660626165521,  21.594971906486897
2023-06-02 00:27:31.471526,  45.365911854590195,  1003.9398191033616,  21.529554996505613
2023-06-02 00:28:31.551690,  45.434089511414456,  1003.9408471961539,  21.4641381357098
2023-06-02 00:29:31.631864,  45.450963287246125,  1004.0000779471583,  21.433945755008608
2023-06-02 00:30:31.712061,  45.6452992895218,  1004.030678672864,  21.353432791028172
2023-06-02 00:31:31.792297,  45.65060102602514,  1004.0270072168345,  21.318208392715313
2023-06-02 00:32:31.872346,  45.77050632910578,  1004.0446069928315,  21.2628557956079
2023-06-02 00:33:31.952455,  45.827737999804164,  1004.074199209435,  21.247759638872232
2023-06-02 00:34:32.032525,  45.827607162236646,  1004.0030125489506,  21.237695535836973
2023-06-02 00:35:32.093154,  45.896051675303774,  1004.1084167016302,  21.202471184381285
2023-06-02 00:36:32.173372,  45.890839237994825,  1004.1204285062669,  21.24272758720908
2023-06-02 00:37:32.253470,  45.85546342162925,  1004.085768855048,  21.172278894484045
2023-06-02 00:38:32.333520,  45.998390254009564,  1004.0654287847402,  21.12699047928327
2023-06-02 00:39:32.399587,  46.020945539617834,  1004.0427763584845,  21.096798215579476
2023-06-02 00:40:32.479745,  46.009261558632694,  1004.0450832135841,  21.081702087656595
2023-06-02 00:41:32.559969,  46.08927794272983,  1004.1125469067844,  21.05654188027256
2023-06-02 00:42:32.614314,  46.14625683874017,  1004.0626210414997,  21.026349641015987
2023-06-02 00:43:32.694713,  46.20343719249436,  1004.0921870947366,  21.011253525316715
2023-06-02 00:44:32.721404,  46.22582858690243,  1004.0528806643404,  20.970997229591013
2023-06-02 00:45:32.801280,  46.33980157314663,  1004.0431294110997,  20.91564485338167
2023-06-02 00:46:32.881472,  46.38025246728883,  1004.13093799564,  20.935772986110532
2023-06-02 00:47:32.961712,  46.4315983229407,  1004.1249099339583,  20.91564485338167
2023-06-02 00:48:32.987175,  46.34597080542721,  1004.0930593006066,  20.945837054221194
2023-06-02 00:49:33.031382,  46.351420427747094,  1004.0597725863705,  20.925708919164027
2023-06-02 00:50:33.061413,  46.33958569857245,  1004.0726838689127,  20.90054875689093
2023-06-02 00:51:33.141676,  46.407921618118735,  1004.0689471752335,  20.865324541932203
2023-06-02 00:52:33.181611,  46.487642948784234,  1004.0841396946947,  20.82506831372739
2023-06-02 00:53:33.261922,  46.516174275678345,  1004.0674946134501,  20.815004259586566
2023-06-02 00:54:33.342098,  46.47609733232554,  1004.1303292589655,  20.82003628651146
2023-06-02 00:55:33.391398,  46.5447040184603,  1004.1326158559955,  20.8049402066099
2023-06-02 00:56:33.471660,  46.56153709995236,  1004.1182549692444,  20.7797800792614
2023-06-02 00:57:33.493108,  46.38482995867915,  1004.106818074677,  20.85526048313477
2023-06-02 00:58:33.573231,  46.41351241766921,  1004.1340756668718,  20.85526048313477
2023-06-02 00:59:33.625923,  46.515654869318986,  1004.172763671052,  20.7797800792614
2023-06-02 01:00:33.692079,  46.595722877592294,  1004.1477929042245,  20.76468400634476
2023-06-02 01:01:33.772327,  46.69841637824789,  1004.1985375566162,  20.729459846392274
2023-06-02 01:02:33.851361,  46.7098850739227,  1004.1712853512624,  20.729459846392274
2023-06-02 01:03:33.931495,  46.64741312751629,  1004.1561164627867,  20.76971603035927
2023-06-02 01:04:34.011679,  46.75575946997592,  1004.1985375566162,  20.729459846392274
2023-06-02 01:05:34.091922,  46.83533591476629,  1004.2053715020874,  20.684171661693835
2023-06-02 01:06:34.172127,  46.829992291407486,  1004.1924922450046,  20.709331761393695
2023-06-02 01:07:34.252394,  46.887251943374636,  1004.1296657361333,  20.704299740871647
2023-06-02 01:08:34.301278,  46.95518178539298,  1004.1743486457185,  20.64894753433764
2023-06-02 01:09:34.321408,  46.932487893003284,  1004.1993226616524,  20.664043587172635
2023-06-02 01:10:34.401466,  46.89856183088998,  1004.2220207959814,  20.694235700700666
2023-06-02 01:11:34.481716,  46.84703754460334,  1004.2030945650195,  20.699267720640638
2023-06-02 01:12:34.561966,  46.85881809279515,  1004.1818891737596,  20.71939580331091
2023-06-02 01:13:34.642090,  46.80705671425301,  1004.1652409125174,  20.709331761393695
2023-06-02 01:14:34.722215,  46.91576247884395,  1004.2220207959814,  20.694235700700666
2023-06-02 01:15:34.802364,  46.84106944994848,  1004.1781212469359,  20.684171661693835
2023-06-02 01:16:34.882588,  46.886701355984336,  1004.2076473944903,  20.66907560536638
2023-06-02 01:17:34.956942,  46.97803345677823,  1004.1660240346074,  20.643915517308052
2023-06-02 01:18:35.001374,  46.955022739243404,  1004.1849477405983,  20.6388835005695
2023-06-02 01:19:35.081633,  46.96027771132431,  1004.216740518829,  20.60869140625
2023-06-02 01:20:35.161658,  46.91418112458229,  1004.2190111889372,  20.59359536301927
2023-06-02 01:21:35.241359,  46.96577083729416,  1004.1917648340996,  20.59359536301927
2023-06-02 01:22:35.281377,  46.908290655208,  1004.2296063667591,  20.58353133565397
2023-06-02 01:23:35.321371,  46.91975486254362,  1004.2023604391783,  20.58353133565397
2023-06-02 01:24:35.401587,  46.95956035756743,  1004.2507944695323,  20.563403284415834
2023-06-02 01:25:35.481806,  46.908053232191996,  1004.2863656898198,  20.568435296788813
2023-06-02 01:26:35.562007,  46.91872367201571,  1004.2575920000221,  20.518115186155775
2023-06-02 01:27:35.641893,  46.935519324900774,  1004.2432029843201,  20.492955141753193
2023-06-02 01:28:35.691278,  46.92413701749894,  1004.2242871045382,  20.49798715005163
2023-06-02 01:29:35.771275,  46.96393374681607,  1004.2454654335619,  20.4778591186041
2023-06-02 01:30:35.831538,  47.04964947346865,  1004.3566899315879,  20.462763098074355
2023-06-02 01:31:35.871398,  47.02640512091438,  1004.2689003402633,  20.4426350747759
2023-06-02 01:32:35.951538,  46.99218516846331,  1004.3127946201788,  20.45269908584305
2023-06-02 01:33:36.031709,  47.020513579322134,  1004.2794859648466,  20.4325710648729
2023-06-02 01:34:36.112120,  47.1575360927049,  1004.3112383348144,  20.402379042148823
2023-06-02 01:35:36.192270,  47.11767608669401,  1004.3362212357779,  20.41747505220119
2023-06-02 01:36:36.271305,  47.08902791872131,  1004.2817435895843,  20.41747505220119
2023-06-02 01:37:36.331884,  47.08919098893861,  1004.189441263608,  20.427539060357958
2023-06-02 01:38:36.392618,  47.08935401816729,  1004.2605734144646,  20.43760306967888
2023-06-02 01:39:36.453239,  47.043028277558506,  1004.2378508326963,  20.407411045208573
2023-06-02 01:40:36.513937,  47.06021704868303,  1004.2378508326963,  20.407411045208573
2023-06-02 01:41:36.591402,  47.31289751088495,  1004.214420612791,  20.4426350747759
2023-06-02 01:42:36.671682,  47.41012913266072,  1004.1705282920631,  20.4325710648729
2023-06-02 01:43:36.751234,  47.84534876993922,  1004.2083538384524,  20.422507056134055
2023-06-02 01:44:36.830751,  47.466820872109864,  1004.1939591073527,  20.39734703938011
2023-06-02 01:45:36.861101,  47.19199474132952,  1004.1561358921787,  20.407411045208573
2023-06-02 01:46:36.940862,  47.249537912655484,  1004.1811148749455,  20.422507056134055
2023-06-02 01:47:37.020694,  47.449463159116526,  1004.1228310094193,  20.3872830347158
2023-06-02 01:48:37.100087,  47.22553891003137,  1004.0728746018264,  20.357091027707792
2023-06-02 01:49:37.180415,  47.13944361261851,  1004.1106939728318,  20.347027027700097
2023-06-02 01:50:37.260649,  47.13322150810127,  1004.0879706813321,  20.316835034661928
2023-06-02 01:51:37.341131,  47.201627882660944,  1004.1363657291305,  20.296707045123913
2023-06-02 01:52:37.421329,  47.13297465004825,  1004.1719264173154,  20.30173904207186
2023-06-02 01:53:37.487495,  47.18436122598451,  1004.1825053798175,  20.291675048467006
2023-06-02 01:54:37.567743,  47.16128436368446,  1004.1658507193969,  20.281611056026303
2023-06-02 01:55:37.631349,  47.166763890983894,  1004.1408689582562,  20.266515069548042
2023-06-02 01:56:37.711364,  47.14949856017179,  1004.1597737473048,  20.26148307463736
2023-06-02 01:57:37.791270,  47.160870897667294,  1004.1786781397481,  20.256451080017722
2023-06-02 01:58:37.867609,  47.18353164107617,  1004.1536955011953,  20.241355097905036
2023-06-02 01:59:37.944832,  47.13173897644139,  1004.2376350834706,  20.22625911841169
2023-06-02 02:00:37.981367,  47.154730044953425,  1004.1915019434623,  20.2312911112851
2023-06-02 02:01:38.061765,  47.2230374191549,  1004.1226333174434,  20.206131149828433
2023-06-02 02:02:38.111355,  47.16560419963681,  1004.1876658383487,  20.196067167283037
2023-06-02 02:03:38.191215,  47.19979737606514,  1004.1982384184447,  20.18600318590179
2023-06-02 02:04:38.270949,  47.1881780156581,  1004.1543536209697,  20.1759392056847
2023-06-02 02:05:38.351196,  47.16510657424825,  1004.1921534326057,  20.165875226631762
2023-06-02 02:06:38.431447,  47.17083283995295,  1004.1649255552289,  20.165875226631762
2023-06-02 02:07:38.453740,  47.21630832186486,  1004.1588401688115,  20.145747272018344
2023-06-02 02:08:38.533710,  47.244602057996,  1004.1255273955492,  20.12561932206154
2023-06-02 02:09:38.613761,  47.227592679826515,  1004.1149571799293,  20.135683296457863
2023-06-02 02:10:38.693931,  47.27289278768132,  1004.1194403357296,  20.105491376761346
2023-06-02 02:11:38.774088,  47.25015959619304,  1004.0816455429373,  20.115555348829368
2023-06-02 02:12:38.854268,  47.24426613270943,  1004.1466655767933,  20.105491376761346
2023-06-02 02:13:38.934345,  47.24409810858664,  1004.1300087285877,  20.09542740585748
2023-06-02 02:14:39.014449,  47.2782804396421,  1004.1133520031019,  20.085363436117767
2023-06-02 02:15:39.094655,  47.2668303461394,  1004.086127652982,  20.085363436117767
2023-06-02 02:16:39.151404,  47.278027094466495,  1004.088367145009,  20.070267483690987
2023-06-02 02:17:39.231692,  47.26649305236989,  1004.1344858935698,  20.065235500130804
2023-06-02 02:18:39.311873,  47.283498299150864,  1004.1178286454125,  20.05517153388355
2023-06-02 02:19:39.391336,  47.243341492828435,  1004.1911686597153,  20.05013955119648
2023-06-02 02:20:39.471211,  47.294608713992965,  1004.1934033377187,  20.0350436048815
2023-06-02 02:21:39.527693,  47.33450859066456,  1004.1223011203873,  20.02497964212671
2023-06-02 02:22:39.607873,  47.31161187227579,  1004.1223011203873,  20.02497964212671
2023-06-02 02:23:39.687986,  47.28282149496907,  1004.1328647958566,  20.01491568053607
2023-06-02 02:24:39.768157,  47.28837617354413,  1004.1706486359352,  20.00485172010958
2023-06-02 02:25:39.841348,  47.299824108810405,  1004.2250905195309,  20.00485172010958
2023-06-02 02:26:39.921473,  47.26488866810471,  1004.0851242338395,  19.969627867784585
2023-06-02 02:27:40.001657,  47.32237931277519,  1004.1645513237188,  19.984723802749066
2023-06-02 02:28:40.045391,  47.3048683569695,  1004.1856719270545,  19.964595890045167
2023-06-02 02:29:40.125509,  47.310591780239385,  1004.1856719270545,  19.964595890045167
2023-06-02 02:30:40.205628,  47.281805059123684,  1004.1962311042154,  19.954531935439444
2023-06-02 02:31:40.285874,  47.32742085328171,  1004.2340078830708,  19.944467981997878
2023-06-02 02:32:40.359608,  47.32733554292333,  1004.2801138430268,  19.939436005713652
2023-06-02 02:33:40.431391,  47.32152721815011,  1004.2717830762385,  19.93440402972046
2023-06-02 02:34:40.511588,  47.298465083555165,  1004.2823391501985,  19.9243400786072
2023-06-02 02:35:40.591768,  47.32682346560111,  1004.3117802998032,  19.909244154120096
2023-06-02 02:36:40.671382,  47.32110078660124,  1004.2573465507658,  19.909244154120096
2023-06-02 02:37:40.751625,  47.30965539971043,  1004.2573465507658,  19.909244154120096
2023-06-02 02:38:40.831876,  47.33801222752388,  1004.2595704254469,  19.894148232252338
2023-06-02 02:39:40.901508,  47.37789720389445,  1004.2429085855024,  19.884084285795687
2023-06-02 02:40:40.956814,  47.40052730934526,  1004.2451311583261,  19.868988368293504
2023-06-02 02:41:41.036936,  47.36619496356201,  1004.326776573688,  19.868988368293504
2023-06-02 02:42:41.116892,  47.39471903134831,  1004.2912299673495,  19.863956396374853
2023-06-02 02:43:41.197029,  47.400268350201316,  1004.3289961559065,  19.853892453410662
2023-06-02 02:44:41.277158,  47.394546511734305,  1004.3289961559065,  19.853892453410662
2023-06-02 02:45:41.357318,  47.43442570779869,  1004.4211890097035,  19.843828511610628
2023-06-02 02:46:41.437528,  47.42853067521502,  1004.3773100875474,  19.833764570974743
2023-06-02 02:47:41.517698,  47.445521394979394,  1004.3334321977184,  19.823700631503016
2023-06-02 02:48:41.549590,  47.45115576967534,  1004.433952254648,  19.81866866220371
2023-06-02 02:49:41.626162,  47.43971316681849,  1004.433952254648,  19.81866866220371
2023-06-02 02:50:41.706427,  47.45670292197426,  1004.4444990690625,  19.808604724478208
2023-06-02 02:51:41.786833,  47.46805799419108,  1004.4361659846259,  19.803572756052017
2023-06-02 02:52:41.851787,  47.49076721204821,  1004.4467118886394,  19.79350882007275
2023-06-02 02:53:41.931983,  47.5134751944883,  1004.3756224383059,  19.78344488525763
2023-06-02 02:54:42.012186,  47.52474079792396,  1004.4678014488085,  19.77338095160667
2023-06-02 02:55:42.051391,  47.51312399616289,  1004.396713062865,  19.76331701911986
2023-06-02 02:56:42.131999,  47.48452152273161,  1004.4511344060296,  19.76331701911986
2023-06-02 02:57:42.212199,  47.49587491085906,  1004.5244324144937,  19.75828505331301
2023-06-02 02:58:42.292370,  47.51303617096737,  1004.4428009308904,  19.75828505331301
2023-06-02 02:59:42.372431,  47.512772633906835,  1004.4994301697437,  19.7431891576387
2023-06-02 03:00:42.451352,  47.489804108756175,  1004.4638865278735,  19.738157192996006
2023-06-02 03:01:42.531579,  47.524037033002635,  1004.4555527615263,  19.733125228644347
2023-06-02 03:02:42.611822,  47.529669007671856,  1004.4744282025906,  19.72809326458373
2023-06-02 03:03:42.691998,  47.50098118763539,  1004.4933032473583,  19.72306130081415
2023-06-02 03:04:42.771371,  47.540579475654944,  1004.4788408367748,  19.69790148633183
2023-06-02 03:05:42.851525,  47.58052754155968,  1004.5249220122814,  19.69286952430848
2023-06-02 03:06:42.931608,  47.5860693434216,  1004.481045593571,  19.682805601134895
2023-06-02 03:07:42.957236,  47.53459520745237,  1004.5354601024046,  19.682805601134895
2023-06-02 03:08:43.037421,  47.52869943225997,  1004.5732042981358,  19.672741679125465
2023-06-02 03:09:43.106754,  47.534418698753925,  1004.5459974434717,  19.672741679125465
2023-06-02 03:10:43.186782,  47.52861122756713,  1004.5104559057097,  19.667709718557308
2023-06-02 03:11:43.266998,  47.59143298443932,  1004.5293276262388,  19.66267775828019
2023-06-02 03:12:43.347135,  47.579728432391306,  1004.53152887317,  19.64758187919506
2023-06-02 03:13:43.427277,  47.59098817976681,  1004.4876536235992,  19.637517961260166
2023-06-02 03:14:43.471415,  47.57392079186066,  1004.5503994175632,  19.642549920082093
2023-06-02 03:15:43.551932,  47.590899188096124,  1004.3977038060178,  19.632486002729273
2023-06-02 03:16:43.632179,  47.601979870155255,  1004.5003887760998,  19.6123581715161
2023-06-02 03:17:43.671355,  47.584824728935416,  1004.445980393226,  19.6123581715161
2023-06-02 03:18:43.711351,  47.56766950115878,  1004.4731845755355,  19.6123581715161
2023-06-02 03:19:43.791684,  47.6018015140266,  1004.5109225829078,  19.60229425765574
2023-06-02 03:20:43.871854,  47.590275959530366,  1004.4753838725188,  19.597262301162118
2023-06-02 03:21:43.952064,  47.5675807183518,  1004.4648497994631,  19.6073262144404
2023-06-02 03:22:44.032190,  47.49931167055219,  1004.4981890891539,  19.627454044489422
2023-06-02 03:23:44.086673,  47.54479572947937,  1004.5003887760998,  19.6123581715161
2023-06-02 03:24:44.120895,  47.52201005629075,  1004.4815193825095,  19.617390128882835
2023-06-02 03:25:44.155343,  47.45928029570958,  1004.5253939578,  19.627454044489422
2023-06-02 03:26:44.235570,  47.4591927791185,  1004.571468213005,  19.62242208654061
2023-06-02 03:27:44.315632,  47.476085748759324,  1004.5192577734613,  19.6073262144404
2023-06-02 03:28:44.395773,  47.498519555715404,  1004.5047850307052,  19.58216643342748
2023-06-02 03:29:44.442562,  47.49869565295436,  1004.5214556408279,  19.592230344959535
2023-06-02 03:30:44.522550,  47.49324124309336,  1004.5192577734613,  19.6073262144404
2023-06-02 03:31:44.602718,  47.47591023320352,  1004.4753838725188,  19.597262301162118
2023-06-02 03:32:44.681153,  47.44758048313202,  1004.5547972319941,  19.6123581715161
2023-06-02 03:33:44.760903,  47.44758048313202,  1004.5003887760998,  19.6123581715161
2023-06-02 03:34:44.831382,  47.43025010827634,  1004.5381263745965,  19.60229425765574
2023-06-02 03:35:44.911575,  47.4528615900106,  1004.5403234621772,  19.58719838904799
2023-06-02 03:36:44.991374,  47.43025010827634,  1004.5109225829078,  19.60229425765574
2023-06-02 03:37:45.071363,  47.40174427312271,  1004.5192577734613,  19.6073262144404
2023-06-02 03:38:45.151578,  47.4528615900106,  1004.5131203203097,  19.58719838904799
2023-06-02 03:39:45.231358,  47.40711495511862,  1004.4859171966959,  19.58719838904799
2023-06-02 03:40:45.253022,  47.44107531361089,  1004.5341838678623,  19.567070568312193
2023-06-02 03:41:45.333211,  47.48664346646489,  1004.5175126761729,  19.557006659690522
2023-06-02 03:42:45.413358,  47.50942651644589,  1004.5091771267183,  19.551974705816246
2023-06-02 03:43:45.471359,  47.52077359076775,  1004.528043005053,  19.546942752233008
2023-06-02 03:44:45.531416,  47.53194327383717,  1004.584638262922,  19.53184689322952
2023-06-02 03:45:45.611737,  47.497638454780855,  1004.5302367140644,  19.53184689322952
2023-06-02 03:46:45.692034,  47.52050837260739,  1004.4758352382088,  19.53184689322952
2023-06-02 03:47:45.772145,  47.52622582802924,  1004.5302367140644,  19.53184689322952
2023-06-02 03:48:45.831400,  47.54284586308163,  1004.507421566455,  19.501655183080583
2023-06-02 03:49:45.911642,  47.53150038841504,  1004.5429571447052,  19.506687134044476
2023-06-02 03:50:45.941339,  47.50872018546811,  1004.5240934136427,  19.51171908529941
2023-06-02 03:51:46.021527,  47.48013396852169,  1004.6056931468335,  19.51171908529941
2023-06-02 03:52:46.074156,  47.50282640615436,  1004.6162194657394,  19.501655183080583
2023-06-02 03:53:46.131348,  47.468787286503655,  1004.5868296329047,  19.51675103684538
2023-06-02 03:54:46.211495,  47.47978185764727,  1004.5723469040694,  19.49159128202591
2023-06-02 03:55:46.291687,  47.49675632928085,  1004.5556739684216,  19.48152738213539
2023-06-02 03:56:46.361356,  47.51953511710963,  1004.5201391765019,  19.476495432626688
2023-06-02 03:57:46.401335,  47.54811872176311,  1004.5473375470388,  19.476495432626688
2023-06-02 03:58:46.481434,  47.508190006918895,  1004.5828725798867,  19.48152738213539
2023-06-02 03:59:46.514878,  47.49095127216856,  1004.5201391765019,  19.476495432626688
2023-06-02 04:00:46.589649,  47.51390683132033,  1004.528475375204,  19.48152738213539
2023-06-02 04:01:46.669817,  47.48532261319591,  1004.528475375204,  19.48152738213539
2023-06-02 04:02:46.749962,  47.51381836734443,  1004.5473375470388,  19.476495432626688
2023-06-02 04:03:46.830043,  47.49622656218982,  1004.5056559046147,  19.45133568944875
2023-06-02 04:04:46.910090,  47.54195792089164,  1004.4784586474716,  19.45133568944875
2023-06-02 04:05:46.990340,  47.4733606521891,  1004.5056559046147,  19.45133568944875
2023-06-02 04:06:47.070617,  47.50765945952772,  1004.4784586474716,  19.45133568944875
2023-06-02 04:07:47.150985,  47.48479362641027,  1004.5056559046147,  19.45133568944875
2023-06-02 04:08:47.231193,  47.5588398541812,  1004.507843898185,  19.43623984703445
2023-06-02 04:09:47.311493,  47.518826516265776,  1004.507843898185,  19.43623984703445
2023-06-02 04:10:47.391664,  47.52999266206376,  1004.5372268285886,  19.42114400723949
2023-06-02 04:11:47.471899,  47.530347687589135,  1004.5433771427602,  19.441271794214845
2023-06-02 04:12:47.552073,  47.56428855194437,  1004.5100308527667,  19.42114400723949
2023-06-02 04:13:47.632134,  47.55267853266493,  1004.5749445398351,  19.411080115498045
2023-06-02 04:14:47.661347,  47.524187929813856,  1004.5288901108783,  19.41611206122325
2023-06-02 04:15:47.741640,  47.52972628534168,  1004.5666074387588,  19.406048170063876
2023-06-02 04:16:47.821919,  47.54106895415182,  1004.6126606666327,  19.40101622492075
2023-06-02 04:17:47.901381,  47.524187929813856,  1004.6104774797828,  19.41611206122325
2023-06-02 04:18:47.956793,  47.489538616748355,  1004.5771282467762,  19.39598428006866
2023-06-02 04:19:47.980773,  47.540980001127636,  1004.5771282467762,  19.39598428006866
2023-06-02 04:20:48.061036,  47.53508652344597,  1004.6420373412316,  19.385920391237597
2023-06-02 04:21:48.141273,  47.54062408657603,  1004.6525557981669,  19.375856503570684
2023-06-02 04:22:48.221448,  47.50650867484838,  1004.6420373412316,  19.385920391237597
2023-06-02 04:23:48.251344,  47.54633948781917,  1004.6525557981669,  19.375856503570684
2023-06-02 04:24:48.331498,  47.54062408657603,  1004.6253616987036,  19.375856503570684
2023-06-02 04:25:48.411737,  47.51204693625351,  1004.6253616987036,  19.375856503570684
2023-06-02 04:26:48.492009,  47.57464813603216,  1004.5459616593071,  19.360760674253108
2023-06-02 04:27:48.531363,  47.53464182730421,  1004.6547353486312,  19.360760674253108
2023-06-02 04:28:48.611579,  47.44873643839398,  1004.5564801672131,  19.350696789496578
2023-06-02 04:29:48.651402,  47.528748781788856,  1004.5564801672131,  19.350696789496578
2023-06-02 04:30:48.731623,  47.517229766905466,  1004.5753355154137,  19.345664847554872
2023-06-02 04:31:48.791341,  47.55151991998861,  1004.5209500432435,  19.345664847554872
2023-06-02 04:32:48.871491,  47.562860568354935,  1004.5941904675403,  19.340632905904204
2023-06-02 04:33:48.951810,  47.477135800786535,  1004.5398054042256,  19.340632905904204
2023-06-02 04:34:49.032054,  47.54544833402679,  1004.5691772197408,  19.32553708269843
2023-06-02 04:35:49.071379,  47.551163075435355,  1004.5691772197408,  19.32553708269843
2023-06-02 04:36:49.127810,  47.53973358301328,  1004.5419853469633,  19.32553708269843
2023-06-02 04:37:49.207957,  47.47660548288114,  1004.5713554742377,  19.310441262112
2023-06-02 04:38:49.278336,  47.52839301858598,  1004.5775149379796,  19.33056902347598
2023-06-02 04:39:49.358475,  47.54535916229752,  1004.5336478824207,  19.320505142211914
2023-06-02 04:40:49.439063,  47.516607912335125,  1004.5713554742377,  19.310441262112
2023-06-02 04:41:49.471352,  47.50508994749689,  1004.6173997128958,  19.305409322498598
2023-06-02 04:42:49.551366,  47.51643014739086,  1004.6090614818402,  19.300377383176237
2023-06-02 04:43:49.626536,  47.516607912335125,  1004.5985467154962,  19.310441262112
2023-06-02 04:44:49.706609,  47.493483556350135,  1004.600723281827,  19.295345444144914
2023-06-02 04:45:49.786789,  47.52205564884144,  1004.600723281827,  19.295345444144914
2023-06-02 04:46:49.867046,  47.5276810003958,  1004.5923851128584,  19.29031350540463
2023-06-02 04:47:49.947187,  47.47018366759026,  1004.6134117585715,  19.27018575335387
2023-06-02 04:48:50.022674,  47.487503329410636,  1004.6028988098182,  19.280249628797172
2023-06-02 04:49:50.102817,  47.51598555573325,  1004.6217502486626,  19.275217690930003
2023-06-02 04:50:50.182912,  47.521610680838144,  1004.5862222439042,  19.27018575335387
2023-06-02 04:51:50.221377,  47.50446842951154,  1004.6134117585715,  19.27018575335387
2023-06-02 04:52:50.301351,  47.48143481139295,  1004.6511130649583,  19.260121879074724
2023-06-02 04:53:50.381456,  47.46446950699456,  1004.6677908426121,  19.27018575335387
2023-06-02 04:54:50.461788,  47.48714881313138,  1004.6511130649583,  19.260121879074724
2023-06-02 04:55:50.541964,  47.50420191097712,  1004.669963124114,  19.255089942371704
2023-06-02 04:56:50.622156,  47.45849037886088,  1004.6971520437396,  19.255089942371704
2023-06-02 04:57:50.702268,  47.48706015844751,  1004.6427742227227,  19.255089942371704
2023-06-02 04:58:50.782379,  47.458578708418415,  1004.6511130649583,  19.260121879074724
2023-06-02 04:59:50.831523,  47.41831650468091,  1004.6804735618229,  19.245026069838786
2023-06-02 05:00:50.911800,  47.42394244682446,  1004.6177578824036,  19.239994134008885
2023-06-02 05:01:50.956891,  47.37243008077907,  1004.6094191644337,  19.234962198470022
2023-06-02 05:02:50.991369,  47.40671309096359,  1004.6637952041805,  19.234962198470022
2023-06-02 05:03:51.071390,  47.44108393097469,  1004.6177578824036,  19.239994134008885
2023-06-02 05:04:51.111357,  47.41796482277018,  1004.5927418217102,  19.224898328265407
2023-06-02 05:05:51.191490,  47.44644471639425,  1004.6659652800195,  19.21986639359966
2023-06-02 05:06:51.231380,  47.36065317116548,  1004.5488775013899,  19.21483445922495
2023-06-02 05:07:51.311373,  47.44073116765165,  1004.6659652800195,  19.21986639359966
2023-06-02 05:08:51.391569,  47.41207538862293,  1004.6304388617853,  19.21483445922495
2023-06-02 05:09:51.471715,  47.45206990903914,  1004.6576260183812,  19.21483445922495
2023-06-02 05:10:51.552098,  47.44046648757895,  1004.6409475883509,  19.20477059134864
2023-06-02 05:11:51.631405,  47.434576749757504,  1004.624269282663,  19.19470672463649
2023-06-02 05:12:51.661366,  47.33727611191098,  1004.5804052806615,  19.18464285908849
2023-06-02 05:13:51.741459,  47.46867880918399,  1004.6075911013342,  19.18464285908849
2023-06-02 05:14:51.821626,  47.46850157235097,  1004.6180984379794,  19.174578994704643
2023-06-02 05:15:51.901848,  47.39432057539412,  1004.6536233080409,  19.179610926751046
2023-06-02 05:16:51.951398,  47.42288600601807,  1004.6536233080409,  19.179610926751046
2023-06-02 05:17:52.031583,  47.365667451753545,  1004.672469279867,  19.174578994704643
2023-06-02 05:18:52.111798,  47.43413563406218,  1004.664129630082,  19.169547062949277
2023-06-02 05:19:52.192061,  47.45689869481051,  1004.7645301327155,  19.16451513148495
2023-06-02 05:20:52.272317,  47.502689897536705,  1004.7728706420056,  19.169547062949277
2023-06-02 05:21:52.352497,  47.422533531217,  1004.674635204154,  19.159483200311662
2023-06-02 05:22:52.432620,  47.43395911606372,  1004.7018200027177,  19.159483200311662
2023-06-02 05:23:52.512728,  47.468235640259,  1004.7018200027177,  19.159483200311662
2023-06-02 05:24:52.561342,  47.46805830096943,  1004.6851400302786,  19.149419338838197
2023-06-02 05:25:52.641370,  47.47377089136021,  1004.6579556770151,  19.149419338838197
2023-06-02 05:26:52.721587,  47.422092707185335,  1004.6873040085026,  19.13432354881079
2023-06-02 05:27:52.801708,  47.50760042879291,  1004.6434406436597,  19.124259690247708
2023-06-02 05:28:52.881895,  47.467703499442486,  1004.6789639396463,  19.12929161938373
2023-06-02 05:29:52.962048,  47.439318475039705,  1004.7500120155466,  19.139355478528888
2023-06-02 05:30:53.042152,  47.51911412659473,  1004.7061474387707,  19.12929161938373
2023-06-02 05:31:53.121354,  47.473415829733845,  1004.7605144917009,  19.12929161938373
2023-06-02 05:32:53.142017,  47.41040350701028,  1004.716650021182,  19.119227761402726
2023-06-02 05:33:53.222170,  47.45601299149683,  1004.8170411803013,  19.114195832848782
2023-06-02 05:34:53.302382,  47.47314942593496,  1004.8714070796108,  19.114195832848782
2023-06-02 05:35:53.382567,  47.47868376774643,  1004.8547236596669,  19.104131976614006
2023-06-02 05:36:53.462695,  47.49573059454575,  1004.8735643054475,  19.099100048933177
2023-06-02 05:37:53.542826,  47.47288292992545,  1004.9551113419554,  19.099100048933177
2023-06-02 05:38:53.622946,  47.45012369393254,  1004.9362713094399,  19.104131976614006
2023-06-02 05:39:53.703070,  47.387114943200295,  1004.919586678154,  19.094068121543387
2023-06-02 05:40:53.783200,  47.518578105644856,  1004.9551113419554,  19.099100048933177
2023-06-02 05:41:53.863384,  47.46699340459761,  1004.9112444092208,  19.089036194444635
2023-06-02 05:42:53.943443,  47.47270521469098,  1004.9112444092208,  19.089036194444635
2023-06-02 05:43:53.981372,  47.501174923132545,  1004.957265581232,  19.08400426763692
2023-06-02 05:44:54.061470,  47.47823912892388,  1004.9489229292953,  19.07897234112024
2023-06-02 05:45:54.141698,  47.500818028254315,  1004.9238951603807,  19.063876563316445
2023-06-02 05:46:54.221343,  47.5066187597744,  1005.0409620854152,  19.068908488960005
2023-06-02 05:47:54.301463,  47.50072877892094,  1005.0786366204763,  19.058844637963922
2023-06-02 05:48:54.381614,  47.40943388498946,  1005.0054377400226,  19.063876563316445
2023-06-02 05:49:54.461331,  47.37507637932527,  1005.0786366204763,  19.058844637963922
2023-06-02 05:50:54.518266,  47.46637153371228,  1005.0159318316905,  19.053812712902435
2023-06-02 05:51:54.544125,  47.511883294486914,  1005.0264251756486,  19.04374886365258
2023-06-02 05:52:54.624276,  47.51179387412525,  1005.1268010472944,  19.038716939464212
2023-06-02 05:53:54.704378,  47.511883294486914,  1005.1623255688585,  19.04374886365258
2023-06-02 05:54:54.784485,  47.51179387412525,  1005.1811608504014,  19.038716939464212
2023-06-02 05:55:54.864609,  47.48894944576924,  1005.1539809397369,  19.038716939464212
2023-06-02 05:56:54.941378,  47.50037167913214,  1005.1811608504014,  19.038716939464212
2023-06-02 05:57:54.991386,  47.51741546160324,  1005.199995736049,  19.03368501556688
2023-06-02 05:58:55.071674,  47.50028237857112,  1005.199995736049,  19.03368501556688
2023-06-02 05:59:55.151360,  47.47146006054056,  1005.1749607933809,  19.018589245621115
2023-06-02 06:00:55.217668,  47.53418959306389,  1005.2209735608552,  19.013557322887937
2023-06-02 06:01:55.297808,  47.5055464342372,  1005.2398068759138,  19.008525400445798
2023-06-02 06:02:55.371735,  47.52258889102717,  1005.2042829267718,  19.003493478294693
2023-06-02 06:03:55.447252,  47.522678513152286,  1005.1854495987488,  19.008525400445798
2023-06-02 06:04:55.510707,  47.55132172317665,  1005.2753313197446,  19.013557322887937
2023-06-02 06:05:55.574125,  47.54543126855058,  1005.2586397950945,  19.003493478294693
2023-06-02 06:06:55.641794,  47.5340100989707,  1005.2042829267718,  19.003493478294693
2023-06-02 06:07:55.682342,  47.51116764471996,  1005.2042829267718,  19.003493478294693
2023-06-02 06:08:55.762465,  47.51107814239442,  1005.2502940795508,  18.99846155643463
2023-06-02 06:09:55.791338,  47.52820980240165,  1005.2774723184007,  18.99846155643463
2023-06-02 06:10:55.871494,  47.476903675616406,  1005.3129967362968,  19.003493478294693
2023-06-02 06:11:55.914037,  47.431217846387085,  1005.3401752342278,  19.003493478294693
2023-06-02 06:12:55.993778,  47.47681456343117,  1005.3046505754704,  18.99846155643463
2023-06-02 06:13:56.031354,  47.42524146295712,  1005.3423140256268,  18.98839771358762
2023-06-02 06:14:56.111416,  47.45379425073016,  1005.3966697767369,  18.98839771358762
2023-06-02 06:15:56.191511,  47.42515290525991,  1005.3339675130998,  18.983365792600672
2023-06-02 06:16:56.271691,  47.38526715728401,  1005.3694918920723,  18.98839771358762
2023-06-02 06:17:56.351356,  47.42515290525991,  1005.3883228189283,  18.983365792600672
2023-06-02 06:18:56.421345,  47.44201809182115,  1005.4176361755715,  18.968270031386055
2023-06-02 06:19:56.501503,  47.44201809182115,  1005.4176361755715,  18.968270031386055
2023-06-02 06:20:56.581705,  47.33914364722329,  1005.4636425677513,  18.96323811156326
2023-06-02 06:21:56.661912,  47.44210687533233,  1005.3716289969125,  18.973301951499888
2023-06-02 06:22:56.732516,  47.44201809182115,  1005.4448132243297,  18.968270031386055
2023-06-02 06:23:56.812768,  47.44201809182115,  1005.4176361755715,  18.968270031386055
2023-06-02 06:24:56.892959,  47.4475506518752,  1005.4009416502304,  18.958206192031504
2023-06-02 06:25:56.971375,  47.43621906563657,  1005.4092888972965,  18.96323811156326
2023-06-02 06:26:57.051672,  47.44184049406175,  1005.4281182537102,  18.958206192031504
2023-06-02 06:27:57.111376,  47.401692392498376,  1005.4657757789957,  18.948142353841103
2023-06-02 06:28:57.191608,  47.401692392498376,  1005.4385995843585,  18.948142353841103
2023-06-02 06:29:57.271838,  47.424532714498696,  1005.4385995843585,  18.948142353841103
2023-06-02 06:30:57.311355,  47.372965655166915,  1005.5034317209115,  18.93807851681486
2023-06-02 06:31:57.391539,  47.418645488861245,  1005.5034317209115,  18.93807851681486
2023-06-02 06:32:57.471743,  47.418645488861245,  1005.4490801675378,  18.93807851681486
2023-06-02 06:33:57.524390,  47.418645488861245,  1005.4762559351165,  18.93807851681486
2023-06-02 06:34:57.604517,  47.45852578966479,  1005.522259098113,  18.933046598738294
2023-06-02 06:35:57.684546,  47.40713712288983,  1005.4950835167392,  18.933046598738294
2023-06-02 06:36:57.764680,  47.452548958836125,  1005.5243889367224,  18.917950846254826
2023-06-02 06:37:57.844902,  47.395540612912384,  1005.5599126650181,  18.922982763458275
2023-06-02 06:38:57.884763,  47.41829104687198,  1005.5787388547277,  18.917950846254826
2023-06-02 06:39:57.964953,  47.40704864756779,  1005.5682614746489,  18.928014680952764
2023-06-02 06:40:58.041348,  47.44675036957147,  1005.5703898849237,  18.912918929342414
2023-06-02 06:41:58.121532,  47.43542004599642,  1005.5515638866175,  18.917950846254826
2023-06-02 06:42:58.201741,  47.42962162304569,  1005.5432151394492,  18.912918929342414
2023-06-02 06:43:58.281903,  47.503576672269666,  1005.5725172587123,  18.897823180351406
2023-06-02 06:44:58.362060,  47.45228184930918,  1005.5265177388173,  18.902855096390702
2023-06-02 06:45:58.418313,  47.44095189052385,  1005.5892154874075,  18.90788701272104
2023-06-02 06:46:58.498840,  47.457991272674555,  1005.5808663574403,  18.902855096390702
2023-06-02 06:47:58.561365,  47.44639442216045,  1005.5641681912261,  18.892791264603147
2023-06-02 06:48:58.591382,  47.39509868165231,  1005.5996913727103,  18.897823180351406
2023-06-02 06:49:58.671557,  47.42364585680959,  1005.5725172587123,  18.897823180351406
2023-06-02 06:50:58.751686,  47.474940840812316,  1005.536994318076,  18.892791264603147
2023-06-02 06:51:58.831360,  47.44059616222976,  1005.5014718721625,  18.887759349145927
2023-06-02 06:52:58.899842,  47.45763472310197,  1005.5746435960839,  18.882727433979746
2023-06-02 06:53:58.963343,  47.45192555983433,  1005.6018170603943,  18.882727433979746
2023-06-02 06:54:59.043495,  47.38350316036823,  1005.5558191549836,  18.887759349145927
2023-06-02 06:55:59.123627,  47.48626987353557,  1005.5558191549836,  18.887759349145927
2023-06-02 06:56:59.203722,  47.49732971232515,  1005.5224233224905,  18.867631690227427
2023-06-02 06:57:59.283800,  47.463076161953076,  1005.5224233224905,  18.867631690227427
2023-06-02 06:58:59.311390,  47.457456386841976,  1005.6394643463462,  18.872663604520493
2023-06-02 06:59:59.392191,  47.503128307524996,  1005.5851182536175,  18.872663604520493
2023-06-02 07:00:59.472347,  47.49732971232515,  1005.5767688971073,  18.867631690227427
2023-06-02 07:01:59.552462,  47.47431526254012,  1005.6144150347953,  18.857567862514408
2023-06-02 07:02:59.632613,  47.48591190054114,  1005.6854602648851,  18.867631690227427
2023-06-02 07:03:59.712773,  47.4972400634169,  1005.6227647740545,  18.862599776225398
2023-06-02 07:04:59.792894,  47.49732971232515,  1005.6854602648851,  18.867631690227427
2023-06-02 07:05:59.861385,  47.50838830848361,  1005.624887610587,  18.84750403596554
2023-06-02 07:06:59.941574,  47.49697105521921,  1005.624887610587,  18.84750403596554
2023-06-02 07:08:00.021804,  47.502679686643475,  1005.5977156500597,  18.84750403596554
2023-06-02 07:09:00.102009,  47.48546420377379,  1005.7252248761837,  18.842472123127664
2023-06-02 07:10:00.182202,  47.47413643368086,  1005.624887610587,  18.84750403596554
2023-06-02 07:11:00.262382,  47.456742631977484,  1005.7085234527502,  18.832408298325028
2023-06-02 07:12:00.342602,  47.48546420377379,  1005.6437094985943,  18.842472123127664
2023-06-02 07:13:00.422788,  47.44550383643728,  1005.6980530654432,  18.842472123127664
2023-06-02 07:14:00.502898,  47.45665336651418,  1005.7273439490049,  18.827376386360264
2023-06-02 07:15:00.581188,  47.462540455660275,  1005.6897025607207,  18.837440210580827
2023-06-02 07:16:00.661007,  47.43961706415338,  1005.6541807399981,  18.832408298325028
2023-06-02 07:17:00.731394,  47.445325596344894,  1005.6541807399981,  18.832408298325028
2023-06-02 07:18:00.811637,  47.416694029263404,  1005.6186594140146,  18.827376386360264
2023-06-02 07:19:00.890795,  47.41089675867104,  1005.6103094483661,  18.822344474686542
2023-06-02 07:20:00.971037,  47.43373050140245,  1005.6374803321717,  18.822344474686542
2023-06-02 07:21:01.051154,  47.411162994461485,  1005.6353594391305,  18.837440210580827
2023-06-02 07:22:01.121207,  47.42231364920282,  1005.6374803321717,  18.822344474686542
2023-06-02 07:23:01.200977,  47.39385991143136,  1005.5643172557776,  18.827376386360264
2023-06-02 07:24:01.281040,  47.42802208009415,  1005.5559677353835,  18.822344474686542
2023-06-02 07:25:01.361256,  47.50802896727086,  1005.5371462039736,  18.827376386360264
2023-06-02 07:26:01.441473,  47.50784923519179,  1005.5747888710241,  18.817312563303858
2023-06-02 07:27:01.521616,  47.46218311321992,  1005.5747888710241,  18.817312563303858
2023-06-02 07:28:01.596102,  47.496432762195724,  1005.6019595139935,  18.817312563303858
2023-06-02 07:29:01.676215,  47.45656409080527,  1005.6103094483661,  18.822344474686542
2023-06-02 07:30:01.751363,  47.50784923519179,  1005.6019595139935,  18.817312563303858
2023-06-02 07:31:01.831562,  47.52497387281476,  1005.6019595139935,  18.817312563303858
2023-06-02 07:32:01.911771,  47.47921842453593,  1005.6207800494507,  18.812280652212213
2023-06-02 07:33:01.991920,  47.46209375199586,  1005.5936096108985,  18.812280652212213
2023-06-02 07:34:02.072081,  47.46771254926513,  1005.6124299550103,  18.807248741411605
2023-06-02 07:35:02.152238,  47.433641475545954,  1005.6019595139935,  18.817312563303858
2023-06-02 07:36:02.232368,  47.45058801430124,  1005.6396001891453,  18.807248741411605
2023-06-02 07:37:02.311349,  47.46200438052622,  1005.6124299550103,  18.807248741411605
2023-06-02 07:38:02.382756,  47.47333119665929,  1005.6040798918525,  18.802216830902033
2023-06-02 07:39:02.462876,  47.47324167465136,  1005.622899648863,  18.797184920683502
2023-06-02 07:40:02.543044,  47.507579560232344,  1005.6312499033619,  18.802216830902033
2023-06-02 07:41:02.623218,  47.501871523592236,  1005.5769098985512,  18.802216830902033
2023-06-02 07:42:02.703374,  47.478949694179036,  1005.622899648863,  18.797184920683502
2023-06-02 07:43:02.783423,  47.478949694179036,  1005.6772392812563,  18.797184920683502
2023-06-02 07:44:02.840191,  47.478949694179036,  1005.5957298599784,  18.797184920683502
2023-06-02 07:45:02.920394,  47.51310762271296,  1005.560210311339,  18.79215301075601
2023-06-02 07:46:02.972663,  47.484568041825085,  1005.64171901012,  18.79215301075601
2023-06-02 07:47:03.053217,  47.47288348416417,  1005.5351611651869,  18.77705728271976
2023-06-02 07:48:03.133440,  47.478770489380125,  1005.6061992337303,  18.787121101119556
2023-06-02 07:49:03.213616,  47.484568041825085,  1005.560210311339,  18.79215301075601
2023-06-02 07:50:03.293734,  47.48438868648918,  1005.5978490730994,  18.78208919177414
2023-06-02 07:51:03.373826,  47.51845519795905,  1005.5268115123881,  18.77202537395642
2023-06-02 07:52:03.401370,  47.512837599006275,  1005.5079923032093,  18.77705728271976
2023-06-02 07:53:03.421913,  47.518545291373734,  1005.4808234594389,  18.77705728271976
2023-06-02 07:54:03.491370,  47.518725447466885,  1005.5246912574426,  18.787121101119556
2023-06-02 07:55:03.571383,  47.56420648539506,  1005.5351611651869,  18.77705728271976
2023-06-02 07:56:03.652077,  47.518545291373734,  1005.5351611651869,  18.77705728271976
2023-06-02 07:57:03.732251,  47.53566831098973,  1005.5079923032093,  18.77705728271976
2023-06-02 07:58:03.812404,  47.55279124437613,  1005.589498943762,  18.77705728271976
2023-06-02 07:59:03.892602,  47.575712421463265,  1005.5435108492794,  18.78208919177414
2023-06-02 08:00:03.972758,  47.541375965032934,  1005.562330045371,  18.77705728271976
2023-06-02 08:01:04.052878,  47.51845519795905,  1005.5268115123881,  18.77202537395642
2023-06-02 08:02:04.133037,  47.54690276221082,  1005.5727987789753,  18.76699346548412
2023-06-02 08:03:04.213181,  47.5526102670513,  1005.5456303258275,  18.76699346548412
2023-06-02 08:04:04.293233,  47.56393461392016,  1005.5916169922633,  18.761961557302858
2023-06-02 08:05:04.373340,  47.60968478852157,  1005.5456303258275,  18.76699346548412
2023-06-02 08:06:04.453483,  47.62109957784808,  1005.5456303258275,  18.76699346548412
2023-06-02 08:07:04.533682,  47.59826996087254,  1005.6271357398895,  18.76699346548412
2023-06-02 08:08:04.613790,  47.59247157351102,  1005.6187852592022,  18.761961557302858
2023-06-02 08:09:04.694107,  47.552700760836366,  1005.6626549822663,  18.77202537395642
2023-06-02 08:10:04.774215,  47.54110487380011,  1005.5916169922633,  18.761961557302858
2023-06-02 08:11:04.854333,  47.54672187394533,  1005.5832667654993,  18.756929649412633
2023-06-02 08:12:04.925065,  47.54672187394533,  1005.6104348098175,  18.756929649412633
2023-06-02 08:13:05.001370,  47.56366265023792,  1005.5937340049644,  18.746865834505297
2023-06-02 08:14:05.081561,  47.57507707269871,  1005.5393988250123,  18.746865834505297
2023-06-02 08:15:05.161696,  47.58078426955947,  1005.6209016222479,  18.746865834505297
2023-06-02 08:16:05.187387,  47.580602519095834,  1005.6042004973918,  18.736802020762116
2023-06-02 08:17:05.231381,  47.59808790225821,  1005.6104348098175,  18.756929649412633
2023-06-02 08:18:05.311575,  47.59790580266324,  1005.5393988250123,  18.746865834505297
2023-06-02 08:19:05.391941,  47.609502469834524,  1005.6104348098175,  18.756929649412633
2023-06-02 08:20:05.472113,  47.56927912618739,  1005.5853836494997,  18.741833927488187
2023-06-02 08:21:05.551362,  47.54663141444461,  1005.4934132141773,  18.751897741813444
2023-06-02 08:22:05.591379,  47.546540944698584,  1005.5122312623441,  18.746865834505297
2023-06-02 08:23:05.671613,  47.52932886801203,  1005.4767142528902,  18.741833927488187
2023-06-02 08:24:05.751885,  47.52941915294147,  1005.5393988250123,  18.746865834505297
2023-06-02 08:25:05.791351,  47.563571975186655,  1005.5310489147855,  18.741833927488187
2023-06-02 08:26:05.871685,  47.55795542463789,  1005.4850637178807,  18.746865834505297
2023-06-02 08:27:05.951959,  47.55224818945811,  1005.566566405886,  18.746865834505297
2023-06-02 08:28:05.991575,  47.529148267417064,  1005.5143491882627,  18.731770114327084
2023-06-02 08:29:06.031375,  47.50631985788091,  1005.5143491882627,  18.731770114327084
2023-06-02 08:30:06.111373,  47.51782425718506,  1005.5226990358684,  18.736802020762116
2023-06-02 08:31:06.191679,  47.523531419800804,  1005.5226990358684,  18.736802020762116
2023-06-02 08:32:06.271457,  47.52923857283723,  1005.5226990358684,  18.736802020762116
2023-06-02 08:33:06.351623,  47.523531419800804,  1005.5498661715051,  18.736802020762116
2023-06-02 08:34:06.431674,  47.495085415974145,  1005.4767142528902,  18.741833927488187
2023-06-02 08:35:06.511726,  47.46066257901196,  1005.5143491882627,  18.731770114327084
2023-06-02 08:36:06.592116,  47.483401499587956,  1005.5603327709797,  18.726738208183086
2023-06-02 08:37:06.672320,  47.5120269746336,  1005.541516101282,  18.731770114327084
2023-06-02 08:38:06.752440,  47.56339059434836,  1005.4600154168369,  18.731770114327084
2023-06-02 08:39:06.832579,  47.56348128989014,  1005.5226990358684,  18.736802020762116
2023-06-02 08:40:06.912714,  47.57480462669268,  1005.4600154168369,  18.731770114327084
2023-06-02 08:41:06.992822,  47.60913770951899,  1005.5226990358684,  18.736802020762116
2023-06-02 08:42:07.072976,  47.609046493827314,  1005.4871822934477,  18.731770114327084
2023-06-02 08:43:07.153226,  47.58630957633909,  1005.4955319184362,  18.736802020762116
2023-06-02 08:44:07.233217,  47.60886403170862,  1005.551982540771,  18.72170630233013
2023-06-02 08:45:07.313082,  47.60895526789052,  1005.5603327709797,  18.726738208183086
2023-06-02 08:46:07.393242,  47.586218620720615,  1005.5686830325053,  18.731770114327084
2023-06-02 08:47:07.473600,  47.65433473448402,  1005.5081161335544,  18.711642491497333
2023-06-02 08:48:07.521351,  47.671730413475366,  1005.6418330060218,  18.726738208183086
2023-06-02 08:49:07.601452,  47.654518277853974,  1005.6334821079616,  18.72170630233013
2023-06-02 08:50:07.681575,  47.67145452864631,  1005.6439465193762,  18.711642491497333
2023-06-02 08:51:07.761354,  47.62000349059509,  1005.6899273291853,  18.706610586517492
2023-06-02 08:52:07.841626,  47.625893004373616,  1005.6522975774093,  18.716674396768212
2023-06-02 08:53:07.921866,  47.62607587708747,  1005.6689997874436,  18.726738208183086
2023-06-02 08:54:08.002140,  47.66574794017043,  1005.5896143104385,  18.711642491497333
2023-06-02 08:55:08.082313,  47.68305187038838,  1005.6334821079616,  18.72170630233013
2023-06-02 08:56:08.162655,  47.64890322191245,  1005.5874994977898,  18.726738208183086
2023-06-02 08:57:08.242863,  47.57444122191824,  1005.5896143104385,  18.711642491497333
2023-06-02 08:58:08.323065,  47.57444122191824,  1005.5896143104385,  18.711642491497333
2023-06-02 08:59:08.403217,  47.5747137908669,  1005.6146662428038,  18.726738208183086
2023-06-02 09:00:08.483375,  47.56293696296068,  1005.5812637289622,  18.706610586517492
2023-06-02 09:01:08.563471,  47.55768356380755,  1005.6230169495648,  18.731770114327084
2023-06-02 09:02:08.641416,  47.517463494201195,  1005.6522975774093,  18.716674396768212
2023-06-02 09:03:08.721598,  47.528786943282824,  1005.5896143104385,  18.711642491497333
2023-06-02 09:04:08.801776,  47.52317039673203,  1005.6251312412226,  18.716674396768212
2023-06-02 09:05:08.881374,  47.5285158426059,  1005.5373972506713,  18.69654677743092
2023-06-02 09:06:08.931340,  47.500162676303425,  1005.5540978744133,  18.706610586517492
2023-06-02 09:07:09.011500,  47.52289952185401,  1005.5457475468784,  18.701578681828686
2023-06-02 09:08:09.091348,  47.54563568374642,  1005.483066486638,  18.69654677743092
2023-06-02 09:09:09.121439,  47.55704886328561,  1005.4559011319245,  18.69654677743092
2023-06-02 09:10:09.201719,  47.56248307544174,  1005.4308524348025,  18.681451065983858
2023-06-02 09:11:09.282005,  47.53422246589697,  1005.483066486638,  18.69654677743092
2023-06-02 09:12:09.362240,  47.56284620594739,  1005.5185819331468,  18.701578681828686
2023-06-02 09:13:09.442435,  47.56248307544174,  1005.4851818267578,  18.681451065983858
2023-06-02 09:14:09.522605,  47.53965749660209,  1005.4851818267578,  18.681451065983858
2023-06-02 09:15:09.602666,  47.53404155084426,  1005.493531806357,  18.686482969508507
2023-06-02 09:16:09.631348,  47.50541884103531,  1005.4851818267578,  18.681451065983858
2023-06-02 09:17:09.711172,  47.51121552038253,  1005.493531806357,  18.686482969508507
2023-06-02 09:18:09.731352,  47.55695815080139,  1005.4747166669871,  18.691514873324195
2023-06-02 09:19:09.811590,  47.505328683000926,  1005.4496673960268,  18.676419162750243
2023-06-02 09:20:09.892140,  47.516831764531865,  1005.4308524348025,  18.681451065983858
2023-06-02 09:21:09.972170,  47.516922042363646,  1005.493531806357,  18.686482969508507
2023-06-02 09:22:10.052428,  47.516741476454705,  1005.4496673960268,  18.676419162750243
2023-06-02 09:23:10.132591,  47.49989252021069,  1005.5018818172897,  18.691514873324195
2023-06-02 09:24:10.212756,  47.4940058792311,  1005.4580171216794,  18.681451065983858
2023-06-02 09:25:10.292893,  47.4940058792311,  1005.4851818267578,  18.681451065983858
2023-06-02 09:26:10.373059,  47.53404155084426,  1005.4663668786669,  18.686482969508507
2023-06-02 09:27:10.453306,  47.5282446497208,  1005.4580171216794,  18.681451065983858
2023-06-02 09:28:10.533645,  47.56257387343602,  1005.4663668786669,  18.686482969508507
2023-06-02 09:29:10.571349,  47.49989252021069,  1005.4747166669871,  18.691514873324195
2023-06-02 09:30:10.651500,  47.49989252021069,  1005.5018818172897,  18.691514873324195
2023-06-02 09:31:10.731775,  47.53965749660209,  1005.4851818267578,  18.681451065983858
2023-06-02 09:32:10.812006,  47.59672115639395,  1005.4851818267578,  18.681451065983858
2023-06-02 09:33:10.892238,  47.58521743273539,  1005.4496673960268,  18.676419162750243
2023-06-02 09:34:10.972363,  47.596903522362744,  1005.4747166669871,  18.691514873324195
2023-06-02 09:35:11.052431,  47.619637800334935,  1005.4392019691783,  18.686482969508507
2023-06-02 09:36:11.132496,  47.619637800334935,  1005.4392019691783,  18.686482969508507
2023-06-02 09:37:11.212615,  47.64826116765833,  1005.4747166669871,  18.691514873324195
2023-06-02 09:38:11.292673,  47.653875696772126,  1005.4663668786669,  18.686482969508507
2023-06-02 09:39:11.372770,  47.6309588925774,  1005.4851818267578,  18.681451065983858
2023-06-02 09:40:11.452986,  47.6081337734294,  1005.4851818267578,  18.681451065983858
2023-06-02 09:41:11.531370,  47.61945489373443,  1005.4768318784938,  18.676419162750243
2023-06-02 09:42:11.561397,  47.61384006758177,  1005.5123465500375,  18.681451065983858
2023-06-02 09:43:11.637862,  47.57942014217513,  1005.5228105358823,  18.67138725980767
2023-06-02 09:44:11.717877,  47.58539955912113,  1005.493531806357,  18.686482969508507
2023-06-02 09:45:11.797961,  47.64227967619997,  1005.4225029317607,  18.676419162750243
2023-06-02 09:46:11.871338,  47.61945489373443,  1005.4768318784938,  18.676419162750243
2023-06-02 09:47:11.935358,  47.625161103715854,  1005.4496673960268,  18.676419162750243
2023-06-02 09:48:11.956778,  47.56239226720221,  1005.531160898031,  18.676419162750243
2023-06-02 09:49:11.988681,  47.568098572950554,  1005.4768318784938,  18.676419162750243
2023-06-02 09:50:12.064051,  47.60785975753042,  1005.5144602050741,  18.666355357156135
2023-06-02 09:51:12.139795,  47.62525262715576,  1005.4851818267578,  18.681451065983858
2023-06-02 09:52:12.219988,  47.64237139468994,  1005.5123465500375,  18.681451065983858
2023-06-02 09:53:12.300171,  47.66519628399211,  1005.5123465500375,  18.681451065983858
2023-06-02 09:54:12.341517,  47.68792878144989,  1005.531160898031,  18.676419162750243
2023-06-02 09:55:12.421763,  47.69372718013935,  1005.5123465500375,  18.681451065983858
2023-06-02 09:56:12.501998,  47.69354256263785,  1005.4684819615675,  18.67138725980767
2023-06-02 09:57:12.582187,  47.69943333063807,  1005.4580171216794,  18.681451065983858
2023-06-02 09:58:12.662345,  47.69943333063807,  1005.4308524348025,  18.681451065983858
2023-06-02 09:59:12.701365,  47.69381947352283,  1005.493531806357,  18.686482969508507
2023-06-02 10:00:12.781573,  47.716644278112135,  1005.4392019691783,  18.686482969508507
2023-06-02 10:01:12.861797,  47.71645916098864,  1005.4768318784938,  18.676419162750243
2023-06-02 10:02:12.942115,  47.69952568903585,  1005.493531806357,  18.686482969508507
2023-06-02 10:03:13.022273,  47.75649430889525,  1005.4308524348025,  18.681451065983858
2023-06-02 10:04:13.091381,  47.74498930111012,  1005.3953384856957,  18.676419162750243
2023-06-02 10:05:13.171639,  47.74517506836337,  1005.357707349922,  18.686482969508507
2023-06-02 10:06:13.251880,  47.76229342758857,  1005.4120370778913,  18.686482969508507
2023-06-02 10:07:13.281378,  47.80232944895442,  1005.4475515348863,  18.691514873324195
2023-06-02 10:08:13.361574,  47.76799952817604,  1005.4120370778913,  18.686482969508507
2023-06-02 10:09:13.441368,  47.76799952817604,  1005.4663668786669,  18.686482969508507
2023-06-02 10:10:13.521554,  47.710938091330505,  1005.4392019691783,  18.686482969508507
2023-06-02 10:11:13.601684,  47.64246310293491,  1005.4392019691783,  18.686482969508507
2023-06-02 10:12:13.626526,  47.67099451569948,  1005.3848722048059,  18.686482969508507
2023-06-02 10:13:13.651393,  47.71103056951143,  1005.4475515348863,  18.691514873324195
2023-06-02 10:14:13.731496,  47.710938091330505,  1005.357707349922,  18.686482969508507
2023-06-02 10:15:13.811690,  47.733855519228506,  1005.3932213252906,  18.691514873324195
2023-06-02 10:16:13.891856,  47.74517506836337,  1005.3305425132396,  18.686482969508507
2023-06-02 10:17:13.956778,  47.76799952817604,  1005.2490481124022,  18.686482969508507
2023-06-02 10:18:14.031354,  47.77941170061962,  1005.2762128944797,  18.686482969508507
2023-06-02 10:19:14.111581,  47.79634294999726,  1005.2595165283851,  18.676419162750243
2023-06-02 10:20:14.191746,  47.76781324082686,  1005.2595165283851,  18.676419162750243
2023-06-02 10:21:14.271956,  47.73946892946737,  1005.357707349922,  18.686482969508507
2023-06-02 10:22:14.352153,  47.739376115975645,  1005.267864695767,  18.681451065983858
2023-06-02 10:23:14.432272,  47.76799952817604,  1005.2762128944797,  18.686482969508507
2023-06-02 10:24:14.512394,  47.75649430889525,  1005.2950292734364,  18.681451065983858
2023-06-02 10:25:14.592514,  47.756587317423964,  1005.2762128944797,  18.686482969508507
2023-06-02 10:26:14.672638,  47.77941170061962,  1005.2218833485261,  18.686482969508507
2023-06-02 10:27:14.752816,  47.773798812505525,  1005.2845611245211,  18.691514873324195
2023-06-02 10:28:14.801358,  47.756587317423964,  1005.1947186028516,  18.686482969508507
2023-06-02 10:29:14.881503,  47.72253566148793,  1005.2929093858888,  18.69654677743092
2023-06-02 10:30:14.956817,  47.75078825416562,  1005.267864695767,  18.681451065983858
2023-06-02 10:31:15.037049,  47.756587317423964,  1005.2762128944797,  18.686482969508507
2023-06-02 10:32:15.117253,  47.74517506836337,  1005.2762128944797,  18.686482969508507
2023-06-02 10:33:15.197352,  47.716644278112135,  1005.2490481124022,  18.686482969508507
2023-06-02 10:34:15.277498,  47.72796393947803,  1005.240700136299,  18.681451065983858
2023-06-02 10:35:15.357661,  47.750881197682226,  1005.1947186028516,  18.686482969508507
2023-06-02 10:36:15.437764,  47.711123037447564,  1005.3200746313894,  18.69654677743092
2023-06-02 10:37:15.491368,  47.733855519228506,  1005.2573961198334,  18.691514873324195
2023-06-02 10:38:15.571560,  47.69961803718881,  1005.2573961198334,  18.691514873324195
2023-06-02 10:39:15.651699,  47.716644278112135,  1005.2490481124022,  18.686482969508507
2023-06-02 10:40:15.731780,  47.711123037447564,  1005.2385789494941,  18.69654677743092
2023-06-02 10:41:15.811404,  47.70532430813879,  1005.2573961198334,  18.691514873324195
2023-06-02 10:42:15.891745,  47.739561732714414,  1005.2030661650635,  18.691514873324195
2023-06-02 10:43:15.971951,  47.67117855161297,  1005.2114137586001,  18.69654677743092
2023-06-02 10:44:16.051365,  47.64255480093488,  1005.1759012149814,  18.691514873324195
2023-06-02 10:45:16.081400,  47.65415115013417,  1005.192595988157,  18.701578681828686
2023-06-02 10:46:16.161601,  47.62552713600518,  1005.2114137586001,  18.69654677743092
2023-06-02 10:47:16.241777,  47.65415115013417,  1005.2740922286714,  18.701578681828686
2023-06-02 10:48:16.321892,  47.63694004737252,  1005.2385789494941,  18.69654677743092
2023-06-02 10:49:16.402014,  47.64264648868984,  1005.2929093858888,  18.69654677743092
2023-06-02 10:50:16.482094,  47.67127055420233,  1005.301257678581,  18.701578681828686
2023-06-02 10:51:16.562227,  47.64844466295588,  1005.2197613834593,  18.701578681828686
2023-06-02 10:52:16.642655,  47.65405934259179,  1005.1299182951307,  18.69654677743092
2023-06-02 10:53:16.723146,  47.6258015526491,  1005.2092908866132,  18.711642491497333
2023-06-02 10:54:16.803319,  47.64282983346476,  1005.1194466772022,  18.706610586517492
2023-06-02 10:55:16.883489,  47.619912083397665,  1005.0839345889717,  18.701578681828686
2023-06-02 10:56:16.956798,  47.648536395237166,  1005.1466122405074,  18.706610586517492
2023-06-02 10:57:17.036999,  47.65415115013417,  1005.1382652521593,  18.701578681828686
2023-06-02 10:58:17.081352,  47.66565602308638,  1005.1466122405074,  18.706610586517492
2023-06-02 10:59:17.151250,  47.63712326211434,  1005.0922811320997,  18.706610586517492
2023-06-02 11:00:17.190352,  47.56284620594739,  1005.1654306110571,  18.701578681828686
2023-06-02 11:01:17.245404,  47.56284620594739,  1005.029603998594,  18.701578681828686
2023-06-02 11:02:17.281376,  47.64844466295588,  1005.1110999114644,  18.701578681828686
2023-06-02 11:03:17.351378,  47.63712326211434,  1005.0922811320997,  18.706610586517492
2023-06-02 11:04:17.431540,  47.67127055420233,  1005.0567692846816,  18.701578681828686
2023-06-02 11:05:17.466721,  47.63132514395431,  1005.0839345889717,  18.701578681828686
2023-06-02 11:06:17.546791,  47.57425945805972,  1005.0839345889717,  18.701578681828686
2023-06-02 11:07:17.626993,  47.56864365882513,  1005.1466122405074,  18.706610586517492
2023-06-02 11:08:17.707146,  47.557139565524544,  1005.1382652521593,  18.701578681828686
2023-06-02 11:09:17.787336,  47.60868152860948,  1005.0462962257266,  18.711642491497333
2023-06-02 11:10:17.841966,  47.60877278528161,  1005.0274764505488,  18.716674396768212
2023-06-02 11:11:17.922088,  47.65424294743158,  1005.0922811320997,  18.706610586517492
2023-06-02 11:12:18.002275,  47.68866640350437,  1005.0274764505488,  18.716674396768212
2023-06-02 11:13:18.082388,  47.677437187418896,  1004.9626693867425,  18.726738208183086
2023-06-02 11:14:18.162534,  47.63169123141058,  1005.062988578109,  18.72170630233013
2023-06-02 11:15:18.242726,  47.64292149048472,  1004.9376334825293,  18.711642491497333
2023-06-02 11:16:18.271395,  47.563118446251515,  1005.0546423862627,  18.716674396768212
2023-06-02 11:17:18.351670,  47.60306602642739,  1005.0274764505488,  18.716674396768212
2023-06-02 11:18:18.431854,  47.58612765485696,  1004.9626693867425,  18.726738208183086
2023-06-02 11:19:18.472801,  47.60306602642739,  1005.0003105330381,  18.716674396768212
2023-06-02 11:20:18.552927,  47.58042072765137,  1004.9626693867425,  18.726738208183086
2023-06-02 11:21:18.633107,  47.625893004373616,  1005.0546423862627,  18.716674396768212
2023-06-02 11:22:18.697020,  47.59763257643216,  1004.9710147507575,  18.731770114327084
2023-06-02 11:23:18.777146,  47.6604086479402,  1005.0796810557244,  18.731770114327084
2023-06-02 11:24:18.857249,  47.58612765485696,  1004.9626693867425,  18.726738208183086
2023-06-02 11:25:18.937345,  47.57480462669268,  1004.9438482200261,  18.731770114327084
2023-06-02 11:26:19.017374,  47.59192560336594,  1004.9710147507575,  18.731770114327084
2023-06-02 11:27:19.097731,  47.60333953991929,  1005.0253478668326,  18.731770114327084
2023-06-02 11:28:19.177843,  47.59192560336594,  1004.9710147507575,  18.731770114327084
2023-06-02 11:29:19.258007,  47.5689160634518,  1004.9271579685212,  18.72170630233013
2023-06-02 11:30:19.338191,  47.5805116284962,  1004.9438482200261,  18.731770114327084
2023-06-02 11:31:19.418373,  47.5747137908669,  1004.9626693867425,  18.726738208183086
2023-06-02 11:32:19.498530,  47.60352183102156,  1005.042039579215,  18.741833927488187
2023-06-02 11:33:19.541391,  47.56339059434836,  1005.0525144521764,  18.731770114327084
2023-06-02 11:34:19.621532,  47.50640990321563,  1004.9250266575937,  18.736802020762116
2023-06-02 11:35:19.701692,  47.569188375871356,  1004.9250266575937,  18.736802020762116
2023-06-02 11:36:19.781923,  47.586491456840484,  1004.9688838320392,  18.746865834505297
2023-06-02 11:37:19.862099,  47.59781473749804,  1005.042039579215,  18.741833927488187
2023-06-02 11:38:19.942221,  47.586400521712385,  1005.042039579215,  18.741833927488187
2023-06-02 11:39:19.966063,  47.55786481460639,  1004.9605385967369,  18.741833927488187
2023-06-02 11:40:20.046092,  47.60922891496555,  1004.9877055726915,  18.741833927488187
2023-06-02 11:41:20.126852,  47.62064305411493,  1004.933371638987,  18.741833927488187
2023-06-02 11:42:20.207065,  47.62091699909006,  1004.9584067709385,  18.756929649412633
2023-06-02 11:43:20.287177,  47.64374594263887,  1004.9584067709385,  18.756929649412633
2023-06-02 11:44:20.367371,  47.632148610217435,  1004.941716651677,  18.746865834505297
2023-06-02 11:45:20.447676,  47.56366265023792,  1004.9688838320392,  18.746865834505297
2023-06-02 11:46:20.527822,  47.5865823817234,  1004.8685595959686,  18.751897741813444
2023-06-02 11:47:20.607976,  47.580965979042304,  1004.7954013997265,  18.756929649412633
2023-06-02 11:48:20.688175,  47.57525865214328,  1004.8225689160811,  18.756929649412633
2023-06-02 11:49:20.768259,  47.603886290284485,  1004.7765774498549,  18.761961557302858
2023-06-02 11:50:20.848296,  47.64936152474422,  1004.7327231272542,  18.751897741813444
2023-06-02 11:51:20.928195,  47.60968478852157,  1004.8392569343698,  18.76699346548412
2023-06-02 11:52:20.981392,  47.626532879583536,  1004.7598903845864,  18.751897741813444
2023-06-02 11:53:21.061644,  47.63813021067505,  1004.8037451706159,  18.761961557302858
2023-06-02 11:54:21.141973,  47.59817893668795,  1004.7765774498549,  18.761961557302858
2023-06-02 11:55:21.201402,  47.592562532677086,  1004.8120889727901,  18.76699346548412
2023-06-02 11:56:21.281553,  47.61539218797513,  1004.8664249141558,  18.76699346548412
2023-06-02 11:57:21.361742,  47.60406845844511,  1004.9019374134466,  18.77202537395642
2023-06-02 11:58:21.441970,  47.6553437158925,  1004.8664249141558,  18.76699346548412
2023-06-02 11:59:21.522134,  47.67826487381878,  1004.8747691928405,  18.77202537395642
2023-06-02 12:00:21.602235,  47.592562532677086,  1004.8664249141558,  18.76699346548412
2023-06-02 12:01:21.682231,  47.63840461786415,  1004.8831135028071,  18.77705728271976
2023-06-02 12:02:21.762316,  47.649636383503335,  1004.893592912148,  18.76699346548412
2023-06-02 12:03:21.842441,  47.6268982971692,  1004.8747691928405,  18.77202537395642
2023-06-02 12:04:21.922579,  47.6268982971692,  1004.8476009904407,  18.77202537395642
2023-06-02 12:05:22.002708,  47.66114276782988,  1004.9019374134466,  18.77202537395642
2023-06-02 12:06:22.082874,  47.68977160720179,  1004.9102819460281,  18.77705728271976
2023-06-02 12:07:22.163114,  47.63269712669907,  1004.9102819460281,  18.77705728271976
2023-06-02 12:08:22.243250,  47.678540584877005,  1004.8998022165786,  18.787121101119556
2023-06-02 12:09:22.323310,  47.66712546703825,  1004.9541400116898,  18.787121101119556
2023-06-02 12:10:22.371360,  47.65552703387296,  1004.8016082823855,  18.77705728271976
2023-06-02 12:11:22.451617,  47.65018582440655,  1004.8349831636447,  18.797184920683502
2023-06-02 12:12:22.531861,  47.67863246807325,  1004.853808452865,  18.79215301075601
2023-06-02 12:13:22.612018,  47.68452394332412,  1004.8433269621402,  18.802216830902033
2023-06-02 12:14:22.692184,  47.67863246807325,  1004.8266393964198,  18.79215301075601
2023-06-02 12:15:22.772306,  47.65018582440655,  1004.807813902791,  18.797184920683502
2023-06-02 12:16:22.852417,  47.66749241822832,  1004.824501085816,  18.807248741411605
2023-06-02 12:17:22.932651,  47.638770350685746,  1004.862152442706,  18.797184920683502
2023-06-02 12:18:22.971351,  47.67301665686486,  1004.807813902791,  18.797184920683502
2023-06-02 12:19:23.051484,  47.632971246631676,  1004.772301338152,  18.79215301075601
2023-06-02 12:20:23.131722,  47.6902316733351,  1004.7889880134084,  18.802216830902033
2023-06-02 12:21:23.211867,  47.66749241822832,  1004.824501085816,  18.807248741411605
2023-06-02 12:22:23.264049,  47.655985149536846,  1004.7889880134084,  18.802216830902033
2023-06-02 12:23:23.344183,  47.65027736203291,  1004.7889880134084,  18.802216830902033
2023-06-02 12:24:23.424327,  47.63306259945244,  1004.753475435708,  18.797184920683502
2023-06-02 12:25:23.504419,  47.66749241822832,  1004.6886528285092,  18.807248741411605
